Date,Channel,Country,City,Leads,Sales,Phone Enquiries,Downloads
2024-07-21,Google,UK,London,133,9,39,50
2024-07-21,Facebook,Brazil,São Paulo,147,9,5,45
2024-07-21,LinkedIn,USA,Los Angeles,137,10,40,85
2024-07-21,TikTok,Canada,Toronto,139,29,22,42
2024-07-21,Instagram,UK,London,149,25,32,69
2024-07-21,X,USA,New York,59,35,33,54
2024-07-21,Google Organic,UK,London,54,25,19,59
2024-07-22,Google,South Africa,Cape Town,114,42,20,17
2024-07-22,Facebook,Australia,Sydney,92,40,18,97
2024-07-22,LinkedIn,USA,New York,143,50,16,63
2024-07-22,TikTok,UK,London,132,47,6,86
2024-07-22,Instagram,Australia,Sydney,98,45,32,30
2024-07-22,X,France,Paris,131,37,24,36
2024-07-22,Google Organic,Germany,Berlin,77,17,40,81
2024-07-23,Google,Germany,Berlin,44,30,40,36
2024-07-23,Facebook,USA,Los Angeles,139,12,30,45
2024-07-23,LinkedIn,UK,London,44,35,36,14
2024-07-23,TikTok,Brazil,São Paulo,137,18,16,55
2024-07-23,Instagram,Germany,Berlin,124,5,14,89
2024-07-23,X,Brazil,São Paulo,59,9,18,12
2024-07-23,Google Organic,Brazil,São Paulo,84,28,6,26
2024-07-24,Google,Canada,Toronto,45,24,13,59
2024-07-24,Facebook,UK,London,94,48,25,15
2024-07-24,LinkedIn,Canada,Toronto,84,11,28,65
2024-07-24,TikTok,Germany,Berlin,106,11,40,27
2024-07-24,Instagram,Canada,Toronto,128,13,12,27
2024-07-24,X,South Africa,Cape Town,42,18,17,16
2024-07-24,Google Organic,Germany,Berlin,118,22,25,100
2024-07-25,Google,Australia,Sydney,65,20,21,14
2024-07-25,Facebook,South Africa,Cape Town,90,9,34,45
2024-07-25,LinkedIn,Germany,Berlin,108,7,16,72
2024-07-25,TikTok,Australia,Sydney,145,19,9,96
2024-07-25,Instagram,Brazil,São Paulo,124,10,31,37
2024-07-25,X,UK,London,120,26,14,92
2024-07-25,Google Organic,Germany,Berlin,130,23,27,97
2024-07-26,Google,Germany,Berlin,60,8,18,53
2024-07-26,Facebook,France,Paris,54,35,28,60
2024-07-26,LinkedIn,Australia,Sydney,58,25,17,45
2024-07-26,TikTok,Canada,Toronto,51,33,28,68
2024-07-26,Instagram,Canada,Toronto,57,6,5,45
2024-07-26,X,Canada,Toronto,111,12,32,71
2024-07-26,Google Organic,Germany,Berlin,128,49,19,56
2024-07-27,Google,UK,London,114,30,37,67
2024-07-27,Facebook,South Africa,Cape Town,134,35,26,32
2024-07-27,LinkedIn,South Africa,Cape Town,141,46,17,66
2024-07-27,TikTok,France,Paris,84,20,5,32
2024-07-27,Instagram,Germany,Berlin,110,19,16,16
2024-07-27,X,Germany,Berlin,58,5,6,78
2024-07-27,Google Organic,Brazil,São Paulo,137,33,13,80
2024-07-28,Google,Australia,Sydney,53,32,29,95
2024-07-28,Facebook,South Africa,Cape Town,52,19,34,26
2024-07-28,LinkedIn,Canada,Toronto,95,41,11,64
2024-07-28,TikTok,UK,London,98,30,18,58
2024-07-28,Instagram,India,Mumbai,111,47,28,35
2024-07-28,X,South Africa,Cape Town,94,10,33,39
2024-07-28,Google Organic,USA,Los Angeles,120,32,21,76
2024-07-29,Google,Brazil,São Paulo,111,49,30,75
2024-07-29,Facebook,UK,London,116,27,24,73
2024-07-29,LinkedIn,Australia,Sydney,119,23,16,98
2024-07-29,TikTok,Canada,Toronto,46,24,7,93
2024-07-29,Instagram,USA,Los Angeles,140,41,16,48
2024-07-29,X,USA,New York,82,8,38,87
2024-07-29,Google Organic,South Africa,Cape Town,134,36,27,14
2024-07-30,Google,India,Mumbai,66,44,35,52
2024-07-30,Facebook,Brazil,São Paulo,106,24,19,54
2024-07-30,LinkedIn,USA,Los Angeles,70,32,40,39
2024-07-30,TikTok,France,Paris,53,16,16,14
2024-07-30,Instagram,Australia,Sydney,111,23,21,45
2024-07-30,X,UK,London,78,48,15,19
2024-07-30,Google Organic,India,Mumbai,50,26,17,82
2024-07-31,Google,UK,London,100,38,13,21
2024-07-31,Facebook,UK,London,135,15,33,10
2024-07-31,LinkedIn,USA,New York,48,8,23,73
2024-07-31,TikTok,USA,Los Angeles,148,15,25,33
2024-07-31,Instagram,India,Mumbai,113,11,25,62
2024-07-31,X,India,Mumbai,103,47,24,76
2024-07-31,Google Organic,USA,Los Angeles,145,15,40,79
2024-08-01,Google,Canada,Toronto,148,21,39,19
2024-08-01,Facebook,USA,Los Angeles,124,6,23,46
2024-08-01,LinkedIn,South Africa,Cape Town,112,6,5,26
2024-08-01,TikTok,India,Mumbai,81,33,38,30
2024-08-01,Instagram,Germany,Berlin,126,19,8,39
2024-08-01,X,Brazil,São Paulo,66,46,24,55
2024-08-01,Google Organic,Canada,Toronto,127,48,38,89
2024-08-02,Google,France,Paris,113,36,7,17
2024-08-02,Facebook,USA,Los Angeles,123,36,27,98
2024-08-02,LinkedIn,Canada,Toronto,68,27,5,88
2024-08-02,TikTok,UK,London,107,10,7,32
2024-08-02,Instagram,Germany,Berlin,105,20,26,75
2024-08-02,X,South Africa,Cape Town,94,23,35,44
2024-08-02,Google Organic,India,Mumbai,85,42,32,69
2024-08-03,Google,Brazil,São Paulo,117,7,33,57
2024-08-03,Facebook,USA,New York,42,31,22,67
2024-08-03,LinkedIn,France,Paris,134,28,9,10
2024-08-03,TikTok,South Africa,Cape Town,40,47,16,26
2024-08-03,Instagram,South Africa,Cape Town,45,17,17,89
2024-08-03,X,Canada,Toronto,133,22,13,59
2024-08-03,Google Organic,Canada,Toronto,51,50,16,53
2024-08-04,Google,India,Mumbai,72,20,7,54
2024-08-04,Facebook,Germany,Berlin,69,17,15,37
2024-08-04,LinkedIn,Germany,Berlin,103,25,14,28
2024-08-04,TikTok,France,Paris,145,30,28,97
2024-08-04,Instagram,UK,London,73,39,34,65
2024-08-04,X,France,Paris,118,27,36,17
2024-08-04,Google Organic,USA,New York,73,45,8,65
2024-08-05,Google,UK,London,142,15,33,24
2024-08-05,Facebook,USA,New York,149,19,31,72
2024-08-05,LinkedIn,Germany,Berlin,120,14,36,30
2024-08-05,TikTok,UK,London,140,6,21,35
2024-08-05,Instagram,UK,London,111,38,20,95
2024-08-05,X,India,Mumbai,141,16,18,85
2024-08-05,Google Organic,Germany,Berlin,60,23,20,62
2024-08-06,Google,Canada,Toronto,91,26,13,67
2024-08-06,Facebook,Germany,Berlin,142,9,19,69
2024-08-06,LinkedIn,Brazil,São Paulo,47,21,32,100
2024-08-06,TikTok,France,Paris,102,16,5,47
2024-08-06,Instagram,USA,Los Angeles,100,41,28,69
2024-08-06,X,India,Mumbai,128,17,8,81
2024-08-06,Google Organic,France,Paris,81,19,40,25
2024-08-07,Google,South Africa,Cape Town,81,18,24,79
2024-08-07,Facebook,Germany,Berlin,111,11,27,67
2024-08-07,LinkedIn,France,Paris,48,23,5,16
2024-08-07,TikTok,UK,London,53,44,19,79
2024-08-07,Instagram,France,Paris,45,36,15,53
2024-08-07,X,Brazil,São Paulo,82,26,38,54
2024-08-07,Google Organic,Brazil,São Paulo,142,22,28,67
2024-08-08,Google,Australia,Sydney,100,38,37,44
2024-08-08,Facebook,Brazil,São Paulo,95,47,10,34
2024-08-08,LinkedIn,Australia,Sydney,137,39,7,63
2024-08-08,TikTok,Australia,Sydney,112,19,13,55
2024-08-08,Instagram,France,Paris,57,46,18,56
2024-08-08,X,USA,Los Angeles,65,49,18,32
2024-08-08,Google Organic,USA,New York,59,7,27,30
2024-08-09,Google,South Africa,Cape Town,57,22,34,81
2024-08-09,Facebook,USA,Los Angeles,99,20,14,42
2024-08-09,LinkedIn,Australia,Sydney,56,48,6,57
2024-08-09,TikTok,Germany,Berlin,145,40,16,29
2024-08-09,Instagram,South Africa,Cape Town,83,47,27,94
2024-08-09,X,USA,Los Angeles,56,27,25,31
2024-08-09,Google Organic,South Africa,Cape Town,41,22,38,53
2024-08-10,Google,Australia,Sydney,135,29,30,33
2024-08-10,Facebook,Brazil,São Paulo,47,37,20,71
2024-08-10,LinkedIn,UK,London,147,33,22,56
2024-08-10,TikTok,Canada,Toronto,119,47,11,92
2024-08-10,Instagram,Canada,Toronto,143,15,12,30
2024-08-10,X,India,Mumbai,63,33,7,78
2024-08-10,Google Organic,Australia,Sydney,66,42,19,19
2024-08-11,Google,Canada,Toronto,130,24,24,54
2024-08-11,Facebook,India,Mumbai,132,44,9,76
2024-08-11,LinkedIn,India,Mumbai,129,36,32,28
2024-08-11,TikTok,France,Paris,98,5,40,66
2024-08-11,Instagram,USA,New York,70,31,32,30
2024-08-11,X,USA,New York,116,40,20,44
2024-08-11,Google Organic,Australia,Sydney,139,24,36,71
2024-08-12,Google,France,Paris,101,34,22,75
2024-08-12,Facebook,Brazil,São Paulo,92,17,12,10
2024-08-12,LinkedIn,USA,Los Angeles,102,43,5,78
2024-08-12,TikTok,UK,London,49,46,23,66
2024-08-12,Instagram,Brazil,São Paulo,84,30,29,57
2024-08-12,X,Australia,Sydney,60,41,27,38
2024-08-12,Google Organic,Brazil,São Paulo,125,27,24,26
2024-08-13,Google,Brazil,São Paulo,51,14,13,21
2024-08-13,Facebook,USA,Los Angeles,92,15,20,24
2024-08-13,LinkedIn,India,Mumbai,79,22,28,25
2024-08-13,TikTok,USA,Los Angeles,79,33,40,93
2024-08-13,Instagram,USA,Los Angeles,125,23,36,12
2024-08-13,X,South Africa,Cape Town,56,6,5,69
2024-08-13,Google Organic,South Africa,Cape Town,134,30,24,94
2024-08-14,Google,UK,London,52,20,15,47
2024-08-14,Facebook,France,Paris,59,39,26,74
2024-08-14,LinkedIn,USA,New York,99,5,16,71
2024-08-14,TikTok,India,Mumbai,150,18,30,86
2024-08-14,Instagram,France,Paris,134,24,14,57
2024-08-14,X,India,Mumbai,87,31,33,25
2024-08-14,Google Organic,South Africa,Cape Town,134,26,36,13
2024-08-15,Google,UK,London,114,8,10,53
2024-08-15,Facebook,Canada,Toronto,78,34,9,75
2024-08-15,LinkedIn,UK,London,119,33,18,58
2024-08-15,TikTok,South Africa,Cape Town,129,17,19,24
2024-08-15,Instagram,Germany,Berlin,104,6,38,97
2024-08-15,X,Germany,Berlin,132,39,10,99
2024-08-15,Google Organic,Australia,Sydney,104,22,11,89
2024-08-16,Google,UK,London,134,14,8,56
2024-08-16,Facebook,USA,Los Angeles,111,28,18,21
2024-08-16,LinkedIn,USA,Los Angeles,104,47,21,35
2024-08-16,TikTok,India,Mumbai,61,22,40,11
2024-08-16,Instagram,France,Paris,99,15,22,52
2024-08-16,X,USA,Los Angeles,126,16,18,68
2024-08-16,Google Organic,India,Mumbai,98,49,39,96
2024-08-17,Google,Brazil,São Paulo,93,31,11,36
2024-08-17,Facebook,France,Paris,47,13,34,52
2024-08-17,LinkedIn,USA,Los Angeles,46,25,6,100
2024-08-17,TikTok,USA,Los Angeles,149,45,30,74
2024-08-17,Instagram,UK,London,99,7,34,100
2024-08-17,X,India,Mumbai,49,16,27,65
2024-08-17,Google Organic,France,Paris,91,12,22,10
2024-08-18,Google,Australia,Sydney,88,19,17,84
2024-08-18,Facebook,India,Mumbai,56,13,25,20
2024-08-18,LinkedIn,India,Mumbai,112,10,7,86
2024-08-18,TikTok,USA,Los Angeles,69,9,14,36
2024-08-18,Instagram,India,Mumbai,49,18,36,27
2024-08-18,X,Brazil,São Paulo,73,37,6,61
2024-08-18,Google Organic,South Africa,Cape Town,48,45,39,15
2024-08-19,Google,India,Mumbai,108,29,40,67
2024-08-19,Facebook,USA,New York,71,38,32,83
2024-08-19,LinkedIn,Brazil,São Paulo,119,36,18,94
2024-08-19,TikTok,USA,New York,118,46,26,22
2024-08-19,Instagram,USA,New York,121,27,18,56
2024-08-19,X,South Africa,Cape Town,58,46,35,61
2024-08-19,Google Organic,UK,London,90,40,29,92
2024-08-20,Google,USA,Los Angeles,88,8,9,58
2024-08-20,Facebook,Australia,Sydney,63,38,28,33
2024-08-20,LinkedIn,Australia,Sydney,72,10,30,62
2024-08-20,TikTok,South Africa,Cape Town,126,44,17,29
2024-08-20,Instagram,USA,Los Angeles,143,34,20,29
2024-08-20,X,Australia,Sydney,99,29,27,64
2024-08-20,Google Organic,USA,New York,105,29,36,99
2024-08-21,Google,Australia,Sydney,102,9,7,38
2024-08-21,Facebook,USA,New York,72,48,38,21
2024-08-21,LinkedIn,Canada,Toronto,93,50,22,11
2024-08-21,TikTok,South Africa,Cape Town,69,15,33,90
2024-08-21,Instagram,France,Paris,97,39,27,74
2024-08-21,X,Australia,Sydney,78,27,6,13
2024-08-21,Google Organic,USA,Los Angeles,148,5,5,15
2024-08-22,Google,USA,New York,134,5,19,29
2024-08-22,Facebook,India,Mumbai,49,7,20,11
2024-08-22,LinkedIn,Canada,Toronto,49,45,33,83
2024-08-22,TikTok,India,Mumbai,112,18,21,96
2024-08-22,Instagram,Australia,Sydney,124,33,36,81
2024-08-22,X,USA,New York,80,26,32,69
2024-08-22,Google Organic,Canada,Toronto,122,23,35,56
2024-08-23,Google,UK,London,84,14,11,15
2024-08-23,Facebook,Brazil,São Paulo,53,22,36,13
2024-08-23,LinkedIn,UK,London,127,27,16,62
2024-08-23,TikTok,USA,Los Angeles,145,9,24,51
2024-08-23,Instagram,Brazil,São Paulo,40,6,22,15
2024-08-23,X,Germany,Berlin,124,16,5,58
2024-08-23,Google Organic,France,Paris,146,37,33,26
2024-08-24,Google,South Africa,Cape Town,108,8,18,49
2024-08-24,Facebook,South Africa,Cape Town,100,45,36,85
2024-08-24,LinkedIn,Germany,Berlin,112,35,7,33
2024-08-24,TikTok,UK,London,99,28,25,55
2024-08-24,Instagram,UK,London,128,8,24,66
2024-08-24,X,Germany,Berlin,114,48,38,38
2024-08-24,Google Organic,Australia,Sydney,63,31,5,26
2024-08-25,Google,France,Paris,58,35,20,65
2024-08-25,Facebook,Canada,Toronto,122,38,7,49
2024-08-25,LinkedIn,India,Mumbai,138,5,33,98
2024-08-25,TikTok,Canada,Toronto,98,14,19,44
2024-08-25,Instagram,South Africa,Cape Town,68,8,28,26
2024-08-25,X,USA,Los Angeles,136,9,6,34
2024-08-25,Google Organic,UK,London,41,45,7,11
2024-08-26,Google,Australia,Sydney,64,19,21,17
2024-08-26,Facebook,USA,Los Angeles,110,50,28,29
2024-08-26,LinkedIn,USA,Los Angeles,41,33,6,65
2024-08-26,TikTok,Australia,Sydney,120,45,38,74
2024-08-26,Instagram,Canada,Toronto,45,12,6,65
2024-08-26,X,South Africa,Cape Town,72,15,20,24
2024-08-26,Google Organic,Canada,Toronto,149,32,39,42
2024-08-27,Google,USA,Los Angeles,143,16,13,11
2024-08-27,Facebook,UK,London,51,41,28,53
2024-08-27,LinkedIn,USA,New York,115,45,19,86
2024-08-27,TikTok,South Africa,Cape Town,52,18,17,18
2024-08-27,Instagram,France,Paris,88,24,28,82
2024-08-27,X,Brazil,São Paulo,97,31,16,54
2024-08-27,Google Organic,South Africa,Cape Town,110,44,16,84
2024-08-28,Google,Brazil,São Paulo,136,14,38,13
2024-08-28,Facebook,France,Paris,127,6,38,80
2024-08-28,LinkedIn,Brazil,São Paulo,123,33,10,78
2024-08-28,TikTok,Brazil,São Paulo,90,43,14,20
2024-08-28,Instagram,Germany,Berlin,111,9,21,36
2024-08-28,X,USA,New York,146,5,7,48
2024-08-28,Google Organic,South Africa,Cape Town,129,48,37,97
2024-08-29,Google,India,Mumbai,111,49,35,29
2024-08-29,Facebook,USA,Los Angeles,127,49,12,32
2024-08-29,LinkedIn,India,Mumbai,59,14,36,63
2024-08-29,TikTok,South Africa,Cape Town,124,43,32,97
2024-08-29,Instagram,UK,London,140,35,12,24
2024-08-29,X,Brazil,São Paulo,45,8,12,46
2024-08-29,Google Organic,Germany,Berlin,124,10,10,17
2024-08-30,Google,Australia,Sydney,62,22,38,52
2024-08-30,Facebook,UK,London,73,6,33,78
2024-08-30,LinkedIn,Germany,Berlin,79,21,13,66
2024-08-30,TikTok,India,Mumbai,85,33,34,99
2024-08-30,Instagram,Australia,Sydney,103,15,19,29
2024-08-30,X,Brazil,São Paulo,74,47,39,71
2024-08-30,Google Organic,Canada,Toronto,89,25,7,92
2024-08-31,Google,South Africa,Cape Town,136,28,15,77
2024-08-31,Facebook,Brazil,São Paulo,64,17,31,13
2024-08-31,LinkedIn,France,Paris,131,7,12,18
2024-08-31,TikTok,France,Paris,120,44,25,27
2024-08-31,Instagram,Brazil,São Paulo,52,8,18,93
2024-08-31,X,South Africa,Cape Town,63,15,11,70
2024-08-31,Google Organic,Australia,Sydney,69,7,38,71
2024-09-01,Google,UK,London,85,23,7,96
2024-09-01,Facebook,Canada,Toronto,97,23,11,23
2024-09-01,LinkedIn,USA,New York,115,25,11,99
2024-09-01,TikTok,UK,London,125,47,19,57
2024-09-01,Instagram,France,Paris,137,34,11,39
2024-09-01,X,Canada,Toronto,107,7,25,12
2024-09-01,Google Organic,USA,New York,143,35,20,14
2024-09-02,Google,UK,London,56,29,19,55
2024-09-02,Facebook,South Africa,Cape Town,96,42,25,74
2024-09-02,LinkedIn,USA,New York,119,26,16,24
2024-09-02,TikTok,Brazil,São Paulo,130,13,21,49
2024-09-02,Instagram,UK,London,149,24,13,13
2024-09-02,X,Brazil,São Paulo,92,41,22,33
2024-09-02,Google Organic,Germany,Berlin,144,33,28,45
2024-09-03,Google,USA,New York,111,9,17,35
2024-09-03,Facebook,Germany,Berlin,120,31,26,93
2024-09-03,LinkedIn,Brazil,São Paulo,150,24,28,96
2024-09-03,TikTok,South Africa,Cape Town,68,18,40,51
2024-09-03,Instagram,Canada,Toronto,80,47,30,25
2024-09-03,X,USA,Los Angeles,78,47,36,18
2024-09-03,Google Organic,Brazil,São Paulo,135,22,31,32
2024-09-04,Google,India,Mumbai,125,35,14,94
2024-09-04,Facebook,Australia,Sydney,57,24,40,92
2024-09-04,LinkedIn,Brazil,São Paulo,52,24,9,15
2024-09-04,TikTok,USA,Los Angeles,131,29,27,24
2024-09-04,Instagram,South Africa,Cape Town,123,17,7,62
2024-09-04,X,Australia,Sydney,102,33,23,50
2024-09-04,Google Organic,UK,London,54,44,31,52
2024-09-05,Google,USA,Los Angeles,73,10,32,91
2024-09-05,Facebook,India,Mumbai,118,33,40,85
2024-09-05,LinkedIn,USA,Los Angeles,119,13,13,38
2024-09-05,TikTok,UK,London,110,6,31,45
2024-09-05,Instagram,Australia,Sydney,117,40,22,39
2024-09-05,X,France,Paris,41,38,26,30
2024-09-05,Google Organic,Australia,Sydney,84,23,32,90
2024-09-06,Google,Canada,Toronto,61,15,19,30
2024-09-06,Facebook,Canada,Toronto,100,19,36,71
2024-09-06,LinkedIn,UK,London,136,12,6,64
2024-09-06,TikTok,France,Paris,43,12,24,12
2024-09-06,Instagram,South Africa,Cape Town,137,31,35,49
2024-09-06,X,Germany,Berlin,124,44,6,78
2024-09-06,Google Organic,Germany,Berlin,87,16,14,94
2024-09-07,Google,Australia,Sydney,102,49,12,99
2024-09-07,Facebook,USA,New York,113,38,37,96
2024-09-07,LinkedIn,USA,New York,119,10,39,93
2024-09-07,TikTok,Canada,Toronto,122,20,36,38
2024-09-07,Instagram,Australia,Sydney,77,45,8,42
2024-09-07,X,USA,Los Angeles,77,43,33,29
2024-09-07,Google Organic,South Africa,Cape Town,74,27,16,69
2024-09-08,Google,Brazil,São Paulo,70,17,18,82
2024-09-08,Facebook,France,Paris,72,14,31,21
2024-09-08,LinkedIn,South Africa,Cape Town,124,27,9,99
2024-09-08,TikTok,Canada,Toronto,55,33,33,65
2024-09-08,Instagram,UK,London,99,40,39,23
2024-09-08,X,South Africa,Cape Town,148,29,10,83
2024-09-08,Google Organic,Germany,Berlin,49,50,37,66
2024-09-09,Google,USA,Los Angeles,131,9,16,33
2024-09-09,Facebook,USA,Los Angeles,98,44,19,50
2024-09-09,LinkedIn,France,Paris,136,46,25,51
2024-09-09,TikTok,UK,London,66,22,14,71
2024-09-09,Instagram,Australia,Sydney,95,31,7,43
2024-09-09,X,Canada,Toronto,61,28,40,16
2024-09-09,Google Organic,Brazil,São Paulo,79,17,30,88
2024-09-10,Google,Brazil,São Paulo,119,47,26,55
2024-09-10,Facebook,South Africa,Cape Town,148,5,38,45
2024-09-10,LinkedIn,USA,Los Angeles,147,39,34,98
2024-09-10,TikTok,Brazil,São Paulo,79,33,39,86
2024-09-10,Instagram,Germany,Berlin,130,48,31,50
2024-09-10,X,South Africa,Cape Town,66,33,36,38
2024-09-10,Google Organic,India,Mumbai,64,17,12,17
2024-09-11,Google,USA,Los Angeles,118,25,39,99
2024-09-11,Facebook,South Africa,Cape Town,74,11,11,48
2024-09-11,LinkedIn,India,Mumbai,136,20,23,48
2024-09-11,TikTok,India,Mumbai,65,33,33,26
2024-09-11,Instagram,Australia,Sydney,83,8,12,23
2024-09-11,X,USA,New York,109,26,38,40
2024-09-11,Google Organic,France,Paris,142,46,13,51
2024-09-12,Google,UK,London,41,50,31,71
2024-09-12,Facebook,USA,Los Angeles,86,18,40,52
2024-09-12,LinkedIn,UK,London,144,48,10,44
2024-09-12,TikTok,Australia,Sydney,121,12,20,32
2024-09-12,Instagram,USA,Los Angeles,81,10,31,64
2024-09-12,X,France,Paris,113,37,6,33
2024-09-12,Google Organic,India,Mumbai,104,30,20,82
2024-09-13,Google,USA,New York,70,16,32,48
2024-09-13,Facebook,India,Mumbai,75,30,33,90
2024-09-13,LinkedIn,South Africa,Cape Town,41,19,10,92
2024-09-13,TikTok,USA,Los Angeles,45,41,34,39
2024-09-13,Instagram,USA,New York,114,11,7,40
2024-09-13,X,India,Mumbai,97,49,16,72
2024-09-13,Google Organic,Australia,Sydney,65,10,32,56
2024-09-14,Google,Germany,Berlin,60,21,39,11
2024-09-14,Facebook,South Africa,Cape Town,65,48,11,59
2024-09-14,LinkedIn,UK,London,97,34,37,83
2024-09-14,TikTok,USA,Los Angeles,59,32,23,41
2024-09-14,Instagram,USA,Los Angeles,68,5,9,47
2024-09-14,X,Australia,Sydney,59,23,11,58
2024-09-14,Google Organic,Brazil,São Paulo,137,26,36,79
2024-09-15,Google,USA,Los Angeles,58,16,6,41
2024-09-15,Facebook,Canada,Toronto,124,27,19,71
2024-09-15,LinkedIn,India,Mumbai,51,29,8,34
2024-09-15,TikTok,Australia,Sydney,76,11,35,81
2024-09-15,Instagram,India,Mumbai,98,25,14,15
2024-09-15,X,Canada,Toronto,130,11,30,18
2024-09-15,Google Organic,Germany,Berlin,80,29,5,66
2024-09-16,Google,Australia,Sydney,46,13,39,45
2024-09-16,Facebook,South Africa,Cape Town,146,47,28,39
2024-09-16,LinkedIn,India,Mumbai,40,8,10,19
2024-09-16,TikTok,South Africa,Cape Town,44,45,31,40
2024-09-16,Instagram,South Africa,Cape Town,141,14,6,51
2024-09-16,X,Germany,Berlin,142,34,40,33
2024-09-16,Google Organic,USA,Los Angeles,94,25,5,93
2024-09-17,Google,India,Mumbai,54,37,27,94
2024-09-17,Facebook,USA,Los Angeles,86,32,34,99
2024-09-17,LinkedIn,France,Paris,85,9,39,24
2024-09-17,TikTok,UK,London,133,6,5,36
2024-09-17,Instagram,Australia,Sydney,104,24,9,18
2024-09-17,X,USA,New York,120,6,8,59
2024-09-17,Google Organic,India,Mumbai,110,39,28,17
2024-09-18,Google,India,Mumbai,116,20,20,33
2024-09-18,Facebook,Germany,Berlin,56,41,26,27
2024-09-18,LinkedIn,USA,New York,122,9,38,31
2024-09-18,TikTok,Germany,Berlin,110,27,28,50
2024-09-18,Instagram,Germany,Berlin,101,22,30,82
2024-09-18,X,India,Mumbai,104,47,18,82
2024-09-18,Google Organic,UK,London,121,28,11,77
2024-09-19,Google,USA,New York,116,35,5,88
2024-09-19,Facebook,India,Mumbai,86,35,25,57
2024-09-19,LinkedIn,India,Mumbai,109,27,17,46
2024-09-19,TikTok,UK,London,61,9,12,14
2024-09-19,Instagram,Canada,Toronto,108,33,35,93
2024-09-19,X,USA,Los Angeles,71,36,30,93
2024-09-19,Google Organic,India,Mumbai,91,8,34,10
2024-09-20,Google,Germany,Berlin,67,50,32,84
2024-09-20,Facebook,USA,New York,128,24,20,48
2024-09-20,LinkedIn,Canada,Toronto,46,26,38,38
2024-09-20,TikTok,India,Mumbai,103,25,25,54
2024-09-20,Instagram,USA,Los Angeles,55,40,23,89
2024-09-20,X,UK,London,130,15,38,90
2024-09-20,Google Organic,Germany,Berlin,97,35,34,36
2024-09-21,Google,Germany,Berlin,115,33,38,51
2024-09-21,Facebook,France,Paris,97,37,34,79
2024-09-21,LinkedIn,Canada,Toronto,140,39,34,30
2024-09-21,TikTok,India,Mumbai,135,18,29,80
2024-09-21,Instagram,Canada,Toronto,92,19,19,37
2024-09-21,X,USA,New York,116,49,21,41
2024-09-21,Google Organic,Australia,Sydney,59,6,25,12
2024-09-22,Google,India,Mumbai,42,24,14,76
2024-09-22,Facebook,France,Paris,142,50,20,54
2024-09-22,LinkedIn,France,Paris,91,29,22,69
2024-09-22,TikTok,UK,London,71,7,27,47
2024-09-22,Instagram,UK,London,119,33,32,96
2024-09-22,X,Australia,Sydney,142,16,15,52
2024-09-22,Google Organic,Canada,Toronto,46,32,37,50
2024-09-23,Google,Germany,Berlin,101,48,35,34
2024-09-23,Facebook,USA,Los Angeles,138,30,27,47
2024-09-23,LinkedIn,Germany,Berlin,56,29,26,68
2024-09-23,TikTok,France,Paris,108,41,7,23
2024-09-23,Instagram,India,Mumbai,63,21,40,62
2024-09-23,X,UK,London,57,47,13,54
2024-09-23,Google Organic,Brazil,São Paulo,133,45,11,76
2024-09-24,Google,Canada,Toronto,116,21,20,33
2024-09-24,Facebook,USA,Los Angeles,68,25,22,53
2024-09-24,LinkedIn,Canada,Toronto,98,49,29,73
2024-09-24,TikTok,Canada,Toronto,116,21,26,46
2024-09-24,Instagram,Canada,Toronto,113,34,32,47
2024-09-24,X,USA,Los Angeles,69,19,15,73
2024-09-24,Google Organic,Brazil,São Paulo,86,8,23,25
2024-09-25,Google,Canada,Toronto,110,39,38,23
2024-09-25,Facebook,Australia,Sydney,86,12,22,83
2024-09-25,LinkedIn,Brazil,São Paulo,73,49,35,81
2024-09-25,TikTok,USA,New York,144,26,7,27
2024-09-25,Instagram,Canada,Toronto,137,6,30,55
2024-09-25,X,UK,London,61,17,28,57
2024-09-25,Google Organic,UK,London,149,15,39,60
2024-09-26,Google,France,Paris,91,8,33,10
2024-09-26,Facebook,Germany,Berlin,63,9,26,26
2024-09-26,LinkedIn,USA,Los Angeles,50,8,27,88
2024-09-26,TikTok,USA,New York,133,6,11,100
2024-09-26,Instagram,Germany,Berlin,118,6,33,35
2024-09-26,X,USA,Los Angeles,74,28,10,27
2024-09-26,Google Organic,USA,Los Angeles,105,29,40,12
2024-09-27,Google,South Africa,Cape Town,87,24,31,90
2024-09-27,Facebook,USA,Los Angeles,55,50,39,31
2024-09-27,LinkedIn,Canada,Toronto,127,16,9,38
2024-09-27,TikTok,Australia,Sydney,53,11,34,92
2024-09-27,Instagram,Canada,Toronto,86,40,40,66
2024-09-27,X,South Africa,Cape Town,78,19,27,53
2024-09-27,Google Organic,Brazil,São Paulo,138,40,17,33
2024-09-28,Google,Brazil,São Paulo,105,37,32,80
2024-09-28,Facebook,France,Paris,142,44,17,23
2024-09-28,LinkedIn,USA,Los Angeles,84,47,14,60
2024-09-28,TikTok,Australia,Sydney,89,24,30,27
2024-09-28,Instagram,UK,London,124,42,35,77
2024-09-28,X,Brazil,São Paulo,140,8,28,52
2024-09-28,Google Organic,Germany,Berlin,121,10,10,37
2024-09-29,Google,Australia,Sydney,117,5,11,69
2024-09-29,Facebook,UK,London,98,5,24,25
2024-09-29,LinkedIn,USA,New York,57,37,38,33
2024-09-29,TikTok,France,Paris,145,36,14,51
2024-09-29,Instagram,Germany,Berlin,80,16,26,49
2024-09-29,X,Brazil,São Paulo,140,21,27,85
2024-09-29,Google Organic,France,Paris,121,38,32,28
2024-09-30,Google,Canada,Toronto,58,26,24,38
2024-09-30,Facebook,Brazil,São Paulo,57,12,21,78
2024-09-30,LinkedIn,Australia,Sydney,126,43,35,27
2024-09-30,TikTok,Australia,Sydney,140,28,16,49
2024-09-30,Instagram,France,Paris,45,8,14,94
2024-09-30,X,Australia,Sydney,40,25,6,81
2024-09-30,Google Organic,UK,London,54,29,18,50
2024-10-01,Google,South Africa,Cape Town,120,27,10,17
2024-10-01,Facebook,Brazil,São Paulo,63,27,36,40
2024-10-01,LinkedIn,Canada,Toronto,84,45,22,56
2024-10-01,TikTok,India,Mumbai,76,41,31,46
2024-10-01,Instagram,India,Mumbai,57,28,37,87
2024-10-01,X,Canada,Toronto,147,33,37,26
2024-10-01,Google Organic,UK,London,148,16,38,74
2024-10-02,Google,Australia,Sydney,50,15,23,72
2024-10-02,Facebook,Germany,Berlin,43,18,38,64
2024-10-02,LinkedIn,India,Mumbai,112,10,18,71
2024-10-02,TikTok,South Africa,Cape Town,104,37,20,18
2024-10-02,Instagram,UK,London,84,26,37,64
2024-10-02,X,USA,Los Angeles,112,47,19,26
2024-10-02,Google Organic,South Africa,Cape Town,40,38,6,88
2024-10-03,Google,Brazil,São Paulo,51,36,40,70
2024-10-03,Facebook,India,Mumbai,111,22,34,14
2024-10-03,LinkedIn,USA,Los Angeles,90,8,11,21
2024-10-03,TikTok,UK,London,124,34,20,77
2024-10-03,Instagram,USA,New York,45,49,33,42
2024-10-03,X,USA,New York,134,12,17,22
2024-10-03,Google Organic,USA,Los Angeles,114,35,20,94
2024-10-04,Google,South Africa,Cape Town,122,27,27,35
2024-10-04,Facebook,USA,New York,96,7,35,12
2024-10-04,LinkedIn,Brazil,São Paulo,141,24,35,71
2024-10-04,TikTok,Canada,Toronto,42,27,21,67
2024-10-04,Instagram,India,Mumbai,41,33,10,75
2024-10-04,X,France,Paris,125,36,24,89
2024-10-04,Google Organic,Australia,Sydney,88,11,22,63
2024-10-05,Google,India,Mumbai,63,31,14,67
2024-10-05,Facebook,UK,London,68,37,39,64
2024-10-05,LinkedIn,South Africa,Cape Town,141,11,15,10
2024-10-05,TikTok,USA,New York,87,8,18,52
2024-10-05,Instagram,USA,Los Angeles,46,27,26,63
2024-10-05,X,Brazil,São Paulo,141,38,6,22
2024-10-05,Google Organic,France,Paris,146,28,39,57
2024-10-06,Google,India,Mumbai,124,14,35,26
2024-10-06,Facebook,South Africa,Cape Town,76,20,22,35
2024-10-06,LinkedIn,UK,London,141,19,30,81
2024-10-06,TikTok,UK,London,91,27,29,98
2024-10-06,Instagram,USA,Los Angeles,63,50,23,81
2024-10-06,X,USA,Los Angeles,136,7,17,44
2024-10-06,Google Organic,India,Mumbai,87,14,28,99
2024-10-07,Google,USA,Los Angeles,112,39,38,65
2024-10-07,Facebook,India,Mumbai,108,9,33,60
2024-10-07,LinkedIn,Australia,Sydney,68,49,37,69
2024-10-07,TikTok,France,Paris,112,11,23,43
2024-10-07,Instagram,Germany,Berlin,61,23,32,72
2024-10-07,X,Canada,Toronto,79,14,17,31
2024-10-07,Google Organic,UK,London,84,8,6,84
2024-10-08,Google,South Africa,Cape Town,102,35,9,27
2024-10-08,Facebook,USA,New York,96,7,18,81
2024-10-08,LinkedIn,Australia,Sydney,44,27,21,47
2024-10-08,TikTok,USA,Los Angeles,148,20,35,65
2024-10-08,Instagram,South Africa,Cape Town,48,28,39,33
2024-10-08,X,South Africa,Cape Town,126,10,23,50
2024-10-08,Google Organic,South Africa,Cape Town,73,13,26,92
2024-10-09,Google,South Africa,Cape Town,84,40,6,87
2024-10-09,Facebook,France,Paris,60,12,38,29
2024-10-09,LinkedIn,India,Mumbai,107,44,6,73
2024-10-09,TikTok,USA,New York,52,47,11,79
2024-10-09,Instagram,Germany,Berlin,76,33,9,92
2024-10-09,X,UK,London,44,32,18,39
2024-10-09,Google Organic,Australia,Sydney,106,6,34,98
2024-10-10,Google,Australia,Sydney,46,43,24,55
2024-10-10,Facebook,UK,London,59,42,17,73
2024-10-10,LinkedIn,Germany,Berlin,40,7,7,54
2024-10-10,TikTok,France,Paris,113,45,18,65
2024-10-10,Instagram,Australia,Sydney,131,36,16,27
2024-10-10,X,Germany,Berlin,95,41,6,57
2024-10-10,Google Organic,India,Mumbai,126,31,8,73
2024-10-11,Google,South Africa,Cape Town,75,16,20,84
2024-10-11,Facebook,USA,Los Angeles,145,17,35,76
2024-10-11,LinkedIn,UK,London,144,25,35,63
2024-10-11,TikTok,Germany,Berlin,83,24,26,43
2024-10-11,Instagram,Canada,Toronto,46,23,5,21
2024-10-11,X,France,Paris,52,19,31,45
2024-10-11,Google Organic,USA,Los Angeles,106,39,23,35
2024-10-12,Google,France,Paris,105,22,6,22
2024-10-12,Facebook,India,Mumbai,67,28,25,11
2024-10-12,LinkedIn,India,Mumbai,139,26,9,99
2024-10-12,TikTok,USA,New York,41,34,38,61
2024-10-12,Instagram,USA,New York,118,27,32,51
2024-10-12,X,Canada,Toronto,118,29,38,33
2024-10-12,Google Organic,USA,Los Angeles,140,19,23,48
2024-10-13,Google,USA,New York,62,5,38,60
2024-10-13,Facebook,Australia,Sydney,108,45,15,27
2024-10-13,LinkedIn,UK,London,129,39,26,57
2024-10-13,TikTok,USA,Los Angeles,50,33,28,17
2024-10-13,Instagram,France,Paris,45,17,26,17
2024-10-13,X,South Africa,Cape Town,147,45,16,56
2024-10-13,Google Organic,USA,New York,60,15,31,83
2024-10-14,Google,Brazil,São Paulo,141,27,32,39
2024-10-14,Facebook,Australia,Sydney,105,34,5,67
2024-10-14,LinkedIn,USA,Los Angeles,46,8,23,63
2024-10-14,TikTok,France,Paris,56,14,30,85
2024-10-14,Instagram,Germany,Berlin,140,21,8,76
2024-10-14,X,Australia,Sydney,106,12,5,55
2024-10-14,Google Organic,Brazil,São Paulo,90,45,7,81
2024-10-15,Google,Germany,Berlin,44,20,22,66
2024-10-15,Facebook,South Africa,Cape Town,84,47,31,44
2024-10-15,LinkedIn,Australia,Sydney,133,12,17,100
2024-10-15,TikTok,Germany,Berlin,58,21,33,14
2024-10-15,Instagram,Brazil,São Paulo,51,46,26,46
2024-10-15,X,USA,Los Angeles,72,23,11,15
2024-10-15,Google Organic,Australia,Sydney,85,28,37,81
2024-10-16,Google,France,Paris,70,39,29,30
2024-10-16,Facebook,USA,Los Angeles,124,8,39,73
2024-10-16,LinkedIn,India,Mumbai,131,18,10,49
2024-10-16,TikTok,USA,New York,74,17,35,34
2024-10-16,Instagram,France,Paris,121,49,26,57
2024-10-16,X,Australia,Sydney,142,18,27,93
2024-10-16,Google Organic,USA,New York,91,48,12,12
2024-10-17,Google,Brazil,São Paulo,44,33,37,81
2024-10-17,Facebook,USA,Los Angeles,117,25,37,86
2024-10-17,LinkedIn,France,Paris,81,46,31,52
2024-10-17,TikTok,France,Paris,116,6,31,66
2024-10-17,Instagram,South Africa,Cape Town,80,42,8,52
2024-10-17,X,USA,Los Angeles,56,16,40,11
2024-10-17,Google Organic,Australia,Sydney,79,34,23,77
2024-10-18,Google,India,Mumbai,142,10,34,18
2024-10-18,Facebook,Brazil,São Paulo,53,5,11,27
2024-10-18,LinkedIn,USA,New York,82,5,22,68
2024-10-18,TikTok,UK,London,141,46,25,98
2024-10-18,Instagram,USA,New York,146,6,7,11
2024-10-18,X,Germany,Berlin,83,8,6,27
2024-10-18,Google Organic,UK,London,55,14,21,73
2024-10-19,Google,UK,London,150,44,31,72
2024-10-19,Facebook,Germany,Berlin,60,11,23,66
2024-10-19,LinkedIn,Brazil,São Paulo,101,34,13,43
2024-10-19,TikTok,India,Mumbai,83,23,26,26
2024-10-19,Instagram,Brazil,São Paulo,137,37,28,37
2024-10-19,X,India,Mumbai,149,23,37,19
2024-10-19,Google Organic,Canada,Toronto,101,35,18,47
2024-10-20,Google,Canada,Toronto,98,23,37,67
2024-10-20,Facebook,Australia,Sydney,67,27,19,65
2024-10-20,LinkedIn,Germany,Berlin,62,24,32,83
2024-10-20,TikTok,France,Paris,94,26,35,72
2024-10-20,Instagram,Brazil,São Paulo,115,45,21,85
2024-10-20,X,Canada,Toronto,120,43,32,24
2024-10-20,Google Organic,Brazil,São Paulo,89,41,37,14
2024-10-21,Google,South Africa,Cape Town,131,23,29,82
2024-10-21,Facebook,India,Mumbai,103,38,28,37
2024-10-21,LinkedIn,Brazil,São Paulo,66,50,38,48
2024-10-21,TikTok,Germany,Berlin,109,41,15,10
2024-10-21,Instagram,Australia,Sydney,48,19,39,34
2024-10-21,X,France,Paris,68,40,16,65
2024-10-21,Google Organic,Germany,Berlin,96,12,31,61
2024-10-22,Google,Brazil,São Paulo,137,24,21,62
2024-10-22,Facebook,UK,London,78,47,33,56
2024-10-22,LinkedIn,Australia,Sydney,135,7,17,91
2024-10-22,TikTok,Australia,Sydney,133,32,36,70
2024-10-22,Instagram,USA,Los Angeles,75,17,16,53
2024-10-22,X,USA,Los Angeles,120,32,22,32
2024-10-22,Google Organic,Brazil,São Paulo,139,27,39,17
2024-10-23,Google,South Africa,Cape Town,103,9,34,86
2024-10-23,Facebook,India,Mumbai,50,27,23,60
2024-10-23,LinkedIn,Germany,Berlin,41,46,7,80
2024-10-23,TikTok,USA,New York,114,6,16,78
2024-10-23,Instagram,Brazil,São Paulo,73,45,40,17
2024-10-23,X,South Africa,Cape Town,60,49,40,30
2024-10-23,Google Organic,USA,Los Angeles,136,7,24,27
2024-10-24,Google,India,Mumbai,81,17,15,98
2024-10-24,Facebook,Australia,Sydney,140,19,25,28
2024-10-24,LinkedIn,Brazil,São Paulo,132,48,20,68
2024-10-24,TikTok,India,Mumbai,140,30,17,66
2024-10-24,Instagram,India,Mumbai,87,36,9,73
2024-10-24,X,France,Paris,78,21,28,11
2024-10-24,Google Organic,USA,Los Angeles,56,22,18,91
2024-10-25,Google,India,Mumbai,45,24,40,48
2024-10-25,Facebook,Brazil,São Paulo,131,38,17,82
2024-10-25,LinkedIn,USA,New York,148,50,21,32
2024-10-25,TikTok,USA,New York,78,38,38,20
2024-10-25,Instagram,UK,London,48,17,15,28
2024-10-25,X,Australia,Sydney,55,41,7,91
2024-10-25,Google Organic,South Africa,Cape Town,94,20,34,30
2024-10-26,Google,France,Paris,99,39,25,25
2024-10-26,Facebook,South Africa,Cape Town,54,25,40,58
2024-10-26,LinkedIn,USA,New York,137,33,18,86
2024-10-26,TikTok,UK,London,71,31,15,69
2024-10-26,Instagram,USA,Los Angeles,40,21,9,39
2024-10-26,X,Brazil,São Paulo,43,42,28,65
2024-10-26,Google Organic,Canada,Toronto,126,28,24,79
2024-10-27,Google,Brazil,São Paulo,142,43,21,81
2024-10-27,Facebook,UK,London,59,22,21,74
2024-10-27,LinkedIn,South Africa,Cape Town,140,14,17,20
2024-10-27,TikTok,USA,Los Angeles,69,18,11,80
2024-10-27,Instagram,Brazil,São Paulo,78,17,18,82
2024-10-27,X,UK,London,50,39,33,31
2024-10-27,Google Organic,Australia,Sydney,104,45,8,32
2024-10-28,Google,South Africa,Cape Town,79,35,29,100
2024-10-28,Facebook,Canada,Toronto,147,50,14,65
2024-10-28,LinkedIn,South Africa,Cape Town,150,35,8,64
2024-10-28,TikTok,Australia,Sydney,59,31,21,11
2024-10-28,Instagram,UK,London,51,47,13,83
2024-10-28,X,Brazil,São Paulo,91,31,13,90
2024-10-28,Google Organic,South Africa,Cape Town,106,45,6,26
2024-10-29,Google,UK,London,127,13,40,74
2024-10-29,Facebook,France,Paris,116,35,12,95
2024-10-29,LinkedIn,Canada,Toronto,68,27,22,53
2024-10-29,TikTok,USA,New York,87,41,33,48
2024-10-29,Instagram,France,Paris,113,28,27,58
2024-10-29,X,USA,New York,113,30,27,12
2024-10-29,Google Organic,USA,New York,115,40,16,38
2024-10-30,Google,USA,New York,65,10,13,51
2024-10-30,Facebook,France,Paris,126,28,39,91
2024-10-30,LinkedIn,India,Mumbai,134,11,6,45
2024-10-30,TikTok,Germany,Berlin,96,30,29,23
2024-10-30,Instagram,South Africa,Cape Town,84,24,22,93
2024-10-30,X,USA,New York,144,17,22,82
2024-10-30,Google Organic,Australia,Sydney,139,37,38,57
2024-10-31,Google,South Africa,Cape Town,53,22,36,40
2024-10-31,Facebook,India,Mumbai,113,5,27,63
2024-10-31,LinkedIn,South Africa,Cape Town,130,19,7,45
2024-10-31,TikTok,Australia,Sydney,117,12,24,72
2024-10-31,Instagram,Australia,Sydney,69,14,15,40
2024-10-31,X,Brazil,São Paulo,133,31,18,77
2024-10-31,Google Organic,USA,New York,67,41,18,63
2024-11-01,Google,Brazil,São Paulo,117,45,22,20
2024-11-01,Facebook,France,Paris,55,34,5,54
2024-11-01,LinkedIn,USA,New York,57,15,39,31
2024-11-01,TikTok,France,Paris,104,18,39,30
2024-11-01,Instagram,France,Paris,62,22,31,90
2024-11-01,X,Brazil,São Paulo,68,19,21,53
2024-11-01,Google Organic,USA,Los Angeles,129,48,27,41
2024-11-02,Google,France,Paris,64,48,24,31
2024-11-02,Facebook,Australia,Sydney,83,24,19,17
2024-11-02,LinkedIn,South Africa,Cape Town,86,47,24,90
2024-11-02,TikTok,Brazil,São Paulo,111,7,26,80
2024-11-02,Instagram,France,Paris,56,49,36,14
2024-11-02,X,Australia,Sydney,62,18,37,25
2024-11-02,Google Organic,Canada,Toronto,114,48,27,65
2024-11-03,Google,France,Paris,88,20,31,97
2024-11-03,Facebook,Canada,Toronto,113,24,36,72
2024-11-03,LinkedIn,USA,Los Angeles,42,45,21,22
2024-11-03,TikTok,Canada,Toronto,42,45,33,49
2024-11-03,Instagram,Australia,Sydney,116,45,18,67
2024-11-03,X,South Africa,Cape Town,100,8,25,49
2024-11-03,Google Organic,UK,London,73,10,40,50
2024-11-04,Google,USA,Los Angeles,61,49,5,71
2024-11-04,Facebook,USA,Los Angeles,62,35,14,22
2024-11-04,LinkedIn,Germany,Berlin,84,21,31,62
2024-11-04,TikTok,India,Mumbai,136,40,29,73
2024-11-04,Instagram,UK,London,96,10,26,88
2024-11-04,X,India,Mumbai,131,12,23,69
2024-11-04,Google Organic,Australia,Sydney,133,5,27,100
2024-11-05,Google,Brazil,São Paulo,125,40,14,81
2024-11-05,Facebook,UK,London,75,37,32,79
2024-11-05,LinkedIn,Brazil,São Paulo,40,12,7,95
2024-11-05,TikTok,Germany,Berlin,98,19,28,76
2024-11-05,Instagram,USA,New York,80,50,27,80
2024-11-05,X,South Africa,Cape Town,148,8,37,93
2024-11-05,Google Organic,Germany,Berlin,121,27,6,91
2024-11-06,Google,Germany,Berlin,144,34,8,13
2024-11-06,Facebook,India,Mumbai,119,41,21,84
2024-11-06,LinkedIn,USA,New York,96,40,32,61
2024-11-06,TikTok,France,Paris,109,13,36,74
2024-11-06,Instagram,USA,Los Angeles,73,50,36,72
2024-11-06,X,Brazil,São Paulo,70,37,27,75
2024-11-06,Google Organic,Canada,Toronto,133,23,12,87
2024-11-07,Google,USA,Los Angeles,53,19,19,19
2024-11-07,Facebook,UK,London,115,24,38,61
2024-11-07,LinkedIn,India,Mumbai,64,23,37,18
2024-11-07,TikTok,Brazil,São Paulo,134,44,7,90
2024-11-07,Instagram,South Africa,Cape Town,112,44,5,46
2024-11-07,X,UK,London,124,21,23,71
2024-11-07,Google Organic,France,Paris,130,44,6,52
2024-11-08,Google,India,Mumbai,79,42,10,73
2024-11-08,Facebook,USA,Los Angeles,75,38,36,73
2024-11-08,LinkedIn,Australia,Sydney,64,40,20,24
2024-11-08,TikTok,South Africa,Cape Town,50,19,11,58
2024-11-08,Instagram,USA,Los Angeles,74,31,16,47
2024-11-08,X,USA,Los Angeles,119,13,12,58
2024-11-08,Google Organic,France,Paris,76,22,5,73
2024-11-09,Google,USA,Los Angeles,119,38,11,68
2024-11-09,Facebook,UK,London,149,29,21,43
2024-11-09,LinkedIn,UK,London,63,32,17,31
2024-11-09,TikTok,South Africa,Cape Town,131,28,39,15
2024-11-09,Instagram,Germany,Berlin,60,7,7,84
2024-11-09,X,Australia,Sydney,80,27,12,48
2024-11-09,Google Organic,Australia,Sydney,97,40,19,39
2024-11-10,Google,UK,London,76,23,35,98
2024-11-10,Facebook,Australia,Sydney,142,16,20,50
2024-11-10,LinkedIn,Australia,Sydney,49,38,11,76
2024-11-10,TikTok,Germany,Berlin,46,8,39,77
2024-11-10,Instagram,Germany,Berlin,52,46,40,77
2024-11-10,X,Australia,Sydney,46,9,30,73
2024-11-10,Google Organic,Brazil,São Paulo,116,48,16,17
2024-11-11,Google,South Africa,Cape Town,43,24,37,77
2024-11-11,Facebook,South Africa,Cape Town,123,19,19,53
2024-11-11,LinkedIn,France,Paris,122,11,29,59
2024-11-11,TikTok,Brazil,São Paulo,137,6,35,58
2024-11-11,Instagram,Canada,Toronto,148,40,23,84
2024-11-11,X,France,Paris,65,38,25,48
2024-11-11,Google Organic,USA,Los Angeles,129,32,37,20
2024-11-12,Google,South Africa,Cape Town,109,48,12,22
2024-11-12,Facebook,Australia,Sydney,65,44,13,31
2024-11-12,LinkedIn,USA,New York,104,9,6,96
2024-11-12,TikTok,Brazil,São Paulo,57,20,26,74
2024-11-12,Instagram,Australia,Sydney,81,29,38,57
2024-11-12,X,USA,New York,43,48,11,96
2024-11-12,Google Organic,Brazil,São Paulo,66,48,29,39
2024-11-13,Google,USA,Los Angeles,66,25,20,32
2024-11-13,Facebook,Germany,Berlin,101,5,18,66
2024-11-13,LinkedIn,Brazil,São Paulo,90,10,8,90
2024-11-13,TikTok,Australia,Sydney,97,17,24,57
2024-11-13,Instagram,USA,New York,71,34,34,14
2024-11-13,X,USA,New York,64,41,22,43
2024-11-13,Google Organic,Germany,Berlin,105,18,40,21
2024-11-14,Google,USA,New York,95,38,39,24
2024-11-14,Facebook,India,Mumbai,109,19,28,70
2024-11-14,LinkedIn,France,Paris,138,26,22,13
2024-11-14,TikTok,South Africa,Cape Town,79,21,39,19
2024-11-14,Instagram,Canada,Toronto,128,14,15,44
2024-11-14,X,Australia,Sydney,112,45,19,85
2024-11-14,Google Organic,France,Paris,81,40,5,71
2024-11-15,Google,South Africa,Cape Town,41,24,8,70
2024-11-15,Facebook,USA,Los Angeles,69,5,39,63
2024-11-15,LinkedIn,South Africa,Cape Town,73,10,30,54
2024-11-15,TikTok,Australia,Sydney,148,24,12,98
2024-11-15,Instagram,South Africa,Cape Town,66,30,33,72
2024-11-15,X,India,Mumbai,56,28,18,29
2024-11-15,Google Organic,Canada,Toronto,120,45,33,19
2024-11-16,Google,France,Paris,108,5,28,77
2024-11-16,Facebook,Brazil,São Paulo,54,48,28,74
2024-11-16,LinkedIn,Australia,Sydney,92,48,17,79
2024-11-16,TikTok,France,Paris,130,11,17,42
2024-11-16,Instagram,Canada,Toronto,72,7,38,51
2024-11-16,X,France,Paris,87,24,14,24
2024-11-16,Google Organic,India,Mumbai,87,41,21,42
2024-11-17,Google,UK,London,142,9,6,62
2024-11-17,Facebook,USA,New York,121,35,20,42
2024-11-17,LinkedIn,India,Mumbai,124,10,7,79
2024-11-17,TikTok,Brazil,São Paulo,117,25,11,69
2024-11-17,Instagram,UK,London,56,5,13,14
2024-11-17,X,USA,New York,60,10,23,47
2024-11-17,Google Organic,Germany,Berlin,81,37,30,63
2024-11-18,Google,India,Mumbai,137,25,26,88
2024-11-18,Facebook,Australia,Sydney,114,25,32,22
2024-11-18,LinkedIn,India,Mumbai,50,46,9,100
2024-11-18,TikTok,Brazil,São Paulo,89,48,14,60
2024-11-18,Instagram,Australia,Sydney,80,26,8,33
2024-11-18,X,Canada,Toronto,132,44,26,12
2024-11-18,Google Organic,USA,New York,70,31,38,83
2024-11-19,Google,Germany,Berlin,71,28,25,98
2024-11-19,Facebook,Canada,Toronto,142,14,13,39
2024-11-19,LinkedIn,Canada,Toronto,72,28,38,96
2024-11-19,TikTok,Canada,Toronto,93,45,25,99
2024-11-19,Instagram,USA,New York,104,26,6,21
2024-11-19,X,USA,New York,56,22,28,48
2024-11-19,Google Organic,USA,Los Angeles,143,43,15,73
2024-11-20,Google,UK,London,125,50,37,58
2024-11-20,Facebook,Brazil,São Paulo,125,41,8,10
2024-11-20,LinkedIn,India,Mumbai,128,44,9,84
2024-11-20,TikTok,USA,Los Angeles,78,49,13,43
2024-11-20,Instagram,Germany,Berlin,57,15,23,94
2024-11-20,X,France,Paris,98,48,34,13
2024-11-20,Google Organic,USA,Los Angeles,62,26,20,58
2024-11-21,Google,Brazil,São Paulo,94,26,26,76
2024-11-21,Facebook,India,Mumbai,59,11,6,42
2024-11-21,LinkedIn,India,Mumbai,93,43,35,78
2024-11-21,TikTok,UK,London,65,13,7,59
2024-11-21,Instagram,India,Mumbai,105,28,8,15
2024-11-21,X,France,Paris,69,5,40,42
2024-11-21,Google Organic,USA,New York,104,23,29,89
2024-11-22,Google,Australia,Sydney,93,22,9,26
2024-11-22,Facebook,Australia,Sydney,112,30,33,86
2024-11-22,LinkedIn,UK,London,131,43,22,43
2024-11-22,TikTok,USA,Los Angeles,75,38,5,61
2024-11-22,Instagram,India,Mumbai,96,12,39,13
2024-11-22,X,France,Paris,140,22,39,19
2024-11-22,Google Organic,UK,London,91,42,27,10
2024-11-23,Google,South Africa,Cape Town,113,35,6,31
2024-11-23,Facebook,USA,Los Angeles,140,34,18,89
2024-11-23,LinkedIn,Australia,Sydney,131,41,30,82
2024-11-23,TikTok,Brazil,São Paulo,64,16,17,88
2024-11-23,Instagram,Canada,Toronto,92,44,32,48
2024-11-23,X,USA,New York,64,24,34,41
2024-11-23,Google Organic,USA,New York,88,37,22,65
2024-11-24,Google,USA,Los Angeles,55,36,32,81
2024-11-24,Facebook,Brazil,São Paulo,110,46,33,51
2024-11-24,LinkedIn,South Africa,Cape Town,116,46,17,98
2024-11-24,TikTok,India,Mumbai,41,11,27,71
2024-11-24,Instagram,Canada,Toronto,81,7,6,20
2024-11-24,X,India,Mumbai,54,23,35,52
2024-11-24,Google Organic,Brazil,São Paulo,40,12,28,76
2024-11-25,Google,Australia,Sydney,94,13,35,96
2024-11-25,Facebook,India,Mumbai,99,32,7,24
2024-11-25,LinkedIn,South Africa,Cape Town,50,24,36,91
2024-11-25,TikTok,Germany,Berlin,94,36,36,21
2024-11-25,Instagram,India,Mumbai,142,28,5,12
2024-11-25,X,Brazil,São Paulo,148,21,15,31
2024-11-25,Google Organic,UK,London,136,25,13,58
2024-11-26,Google,UK,London,131,38,7,40
2024-11-26,Facebook,India,Mumbai,130,15,10,75
2024-11-26,LinkedIn,India,Mumbai,103,27,17,19
2024-11-26,TikTok,Brazil,São Paulo,51,50,21,82
2024-11-26,Instagram,Brazil,São Paulo,66,27,37,12
2024-11-26,X,South Africa,Cape Town,118,45,21,91
2024-11-26,Google Organic,India,Mumbai,136,47,22,89
2024-11-27,Google,India,Mumbai,94,30,30,26
2024-11-27,Facebook,USA,New York,83,38,37,34
2024-11-27,LinkedIn,USA,Los Angeles,125,42,40,71
2024-11-27,TikTok,UK,London,59,30,17,95
2024-11-27,Instagram,UK,London,115,19,34,48
2024-11-27,X,Australia,Sydney,68,44,31,65
2024-11-27,Google Organic,Australia,Sydney,96,28,39,13
2024-11-28,Google,Canada,Toronto,114,29,38,88
2024-11-28,Facebook,USA,New York,96,25,40,81
2024-11-28,LinkedIn,Brazil,São Paulo,119,20,20,16
2024-11-28,TikTok,Australia,Sydney,142,39,20,71
2024-11-28,Instagram,USA,New York,43,30,40,53
2024-11-28,X,South Africa,Cape Town,96,40,25,78
2024-11-28,Google Organic,Germany,Berlin,56,35,20,73
2024-11-29,Google,France,Paris,68,36,14,49
2024-11-29,Facebook,India,Mumbai,99,29,12,64
2024-11-29,LinkedIn,USA,Los Angeles,95,19,30,41
2024-11-29,TikTok,India,Mumbai,124,49,32,75
2024-11-29,Instagram,South Africa,Cape Town,133,50,26,16
2024-11-29,X,Australia,Sydney,61,9,24,69
2024-11-29,Google Organic,Brazil,São Paulo,76,12,26,38
2024-11-30,Google,Brazil,São Paulo,140,37,22,54
2024-11-30,Facebook,Brazil,São Paulo,41,9,30,62
2024-11-30,LinkedIn,France,Paris,112,13,33,43
2024-11-30,TikTok,India,Mumbai,132,34,24,96
2024-11-30,Instagram,Canada,Toronto,135,50,29,90
2024-11-30,X,USA,New York,76,25,39,41
2024-11-30,Google Organic,Brazil,São Paulo,53,27,18,81
2024-12-01,Google,India,Mumbai,121,22,33,66
2024-12-01,Facebook,Canada,Toronto,93,38,16,61
2024-12-01,LinkedIn,Brazil,São Paulo,148,16,39,85
2024-12-01,TikTok,France,Paris,107,21,38,92
2024-12-01,Instagram,Germany,Berlin,79,50,24,29
2024-12-01,X,Brazil,São Paulo,104,34,11,84
2024-12-01,Google Organic,India,Mumbai,134,41,23,71
2024-12-02,Google,India,Mumbai,108,44,26,55
2024-12-02,Facebook,Brazil,São Paulo,72,50,8,99
2024-12-02,LinkedIn,India,Mumbai,60,29,24,69
2024-12-02,TikTok,UK,London,138,40,28,50
2024-12-02,Instagram,UK,London,74,45,8,73
2024-12-02,X,Germany,Berlin,88,48,8,66
2024-12-02,Google Organic,Germany,Berlin,132,47,9,88
2024-12-03,Google,South Africa,Cape Town,70,7,31,75
2024-12-03,Facebook,USA,Los Angeles,63,33,32,66
2024-12-03,LinkedIn,USA,Los Angeles,133,24,13,16
2024-12-03,TikTok,India,Mumbai,97,23,34,80
2024-12-03,Instagram,USA,New York,111,15,10,78
2024-12-03,X,USA,Los Angeles,118,43,36,95
2024-12-03,Google Organic,Australia,Sydney,70,27,12,36
2024-12-04,Google,USA,Los Angeles,56,47,38,10
2024-12-04,Facebook,Germany,Berlin,110,5,11,91
2024-12-04,LinkedIn,South Africa,Cape Town,71,17,23,56
2024-12-04,TikTok,France,Paris,70,28,9,50
2024-12-04,Instagram,USA,New York,131,28,24,95
2024-12-04,X,Brazil,São Paulo,73,11,30,13
2024-12-04,Google Organic,France,Paris,54,18,35,96
2024-12-05,Google,South Africa,Cape Town,49,38,16,15
2024-12-05,Facebook,France,Paris,55,15,12,55
2024-12-05,LinkedIn,South Africa,Cape Town,120,37,34,58
2024-12-05,TikTok,USA,Los Angeles,63,23,7,42
2024-12-05,Instagram,USA,New York,46,31,15,63
2024-12-05,X,Germany,Berlin,43,13,31,98
2024-12-05,Google Organic,UK,London,143,18,15,43
2024-12-06,Google,USA,Los Angeles,76,48,11,56
2024-12-06,Facebook,Australia,Sydney,89,43,19,71
2024-12-06,LinkedIn,Germany,Berlin,143,50,36,79
2024-12-06,TikTok,UK,London,64,9,16,53
2024-12-06,Instagram,Germany,Berlin,95,17,33,58
2024-12-06,X,Brazil,São Paulo,50,20,32,78
2024-12-06,Google Organic,France,Paris,104,32,24,72
2024-12-07,Google,UK,London,108,31,27,83
2024-12-07,Facebook,USA,New York,72,50,14,72
2024-12-07,LinkedIn,France,Paris,47,49,32,50
2024-12-07,TikTok,USA,Los Angeles,59,39,39,44
2024-12-07,Instagram,Brazil,São Paulo,41,33,38,42
2024-12-07,X,USA,New York,46,28,16,55
2024-12-07,Google Organic,USA,Los Angeles,91,39,32,63
2024-12-08,Google,USA,New York,72,34,32,58
2024-12-08,Facebook,USA,New York,131,19,5,19
2024-12-08,LinkedIn,Brazil,São Paulo,64,35,19,50
2024-12-08,TikTok,USA,New York,94,36,33,11
2024-12-08,Instagram,South Africa,Cape Town,109,42,27,96
2024-12-08,X,South Africa,Cape Town,41,15,6,85
2024-12-08,Google Organic,Germany,Berlin,68,7,38,85
2024-12-09,Google,India,Mumbai,103,26,33,51
2024-12-09,Facebook,India,Mumbai,142,41,22,39
2024-12-09,LinkedIn,Brazil,São Paulo,93,24,11,54
2024-12-09,TikTok,USA,Los Angeles,97,37,34,36
2024-12-09,Instagram,India,Mumbai,75,25,21,29
2024-12-09,X,South Africa,Cape Town,119,50,13,94
2024-12-09,Google Organic,USA,Los Angeles,121,38,38,24
2024-12-10,Google,Canada,Toronto,144,26,5,43
2024-12-10,Facebook,UK,London,65,14,12,25
2024-12-10,LinkedIn,USA,New York,128,6,40,51
2024-12-10,TikTok,UK,London,121,45,9,49
2024-12-10,Instagram,Canada,Toronto,103,42,19,69
2024-12-10,X,Canada,Toronto,121,37,12,36
2024-12-10,Google Organic,USA,Los Angeles,59,21,10,33
2024-12-11,Google,South Africa,Cape Town,121,27,10,77
2024-12-11,Facebook,USA,Los Angeles,146,21,23,25
2024-12-11,LinkedIn,UK,London,124,20,8,22
2024-12-11,TikTok,Australia,Sydney,108,9,28,59
2024-12-11,Instagram,Australia,Sydney,135,11,10,11
2024-12-11,X,USA,Los Angeles,71,39,20,33
2024-12-11,Google Organic,UK,London,89,31,32,30
2024-12-12,Google,UK,London,75,38,16,55
2024-12-12,Facebook,USA,New York,62,20,14,49
2024-12-12,LinkedIn,USA,New York,85,31,7,42
2024-12-12,TikTok,France,Paris,72,8,40,46
2024-12-12,Instagram,South Africa,Cape Town,45,23,17,56
2024-12-12,X,USA,Los Angeles,77,20,36,25
2024-12-12,Google Organic,Australia,Sydney,142,30,35,46
2024-12-13,Google,Germany,Berlin,70,19,8,80
2024-12-13,Facebook,Canada,Toronto,49,7,30,90
2024-12-13,LinkedIn,Canada,Toronto,138,34,27,17
2024-12-13,TikTok,Germany,Berlin,65,33,36,29
2024-12-13,Instagram,South Africa,Cape Town,92,35,12,42
2024-12-13,X,UK,London,125,22,5,52
2024-12-13,Google Organic,USA,New York,59,27,11,75
2024-12-14,Google,Germany,Berlin,57,32,8,44
2024-12-14,Facebook,UK,London,68,6,25,26
2024-12-14,LinkedIn,Canada,Toronto,40,43,22,23
2024-12-14,TikTok,USA,Los Angeles,104,12,14,28
2024-12-14,Instagram,India,Mumbai,116,43,38,28
2024-12-14,X,UK,London,41,34,38,39
2024-12-14,Google Organic,Brazil,São Paulo,93,36,8,61
2024-12-15,Google,Canada,Toronto,137,21,22,80
2024-12-15,Facebook,Brazil,São Paulo,112,23,16,57
2024-12-15,LinkedIn,Australia,Sydney,91,36,33,37
2024-12-15,TikTok,France,Paris,115,50,40,40
2024-12-15,Instagram,Australia,Sydney,134,18,15,49
2024-12-15,X,France,Paris,70,47,22,58
2024-12-15,Google Organic,South Africa,Cape Town,146,47,8,24
2024-12-16,Google,Brazil,São Paulo,133,32,6,92
2024-12-16,Facebook,UK,London,74,7,20,14
2024-12-16,LinkedIn,USA,New York,64,8,28,28
2024-12-16,TikTok,France,Paris,53,38,34,53
2024-12-16,Instagram,Canada,Toronto,132,35,34,77
2024-12-16,X,Canada,Toronto,135,22,27,35
2024-12-16,Google Organic,South Africa,Cape Town,41,25,8,56
2024-12-17,Google,Brazil,São Paulo,119,48,17,59
2024-12-17,Facebook,Canada,Toronto,100,12,26,100
2024-12-17,LinkedIn,India,Mumbai,68,40,7,89
2024-12-17,TikTok,India,Mumbai,145,48,35,47
2024-12-17,Instagram,USA,New York,97,33,21,37
2024-12-17,X,India,Mumbai,57,12,40,89
2024-12-17,Google Organic,South Africa,Cape Town,140,38,11,76
2024-12-18,Google,Brazil,São Paulo,116,30,33,71
2024-12-18,Facebook,France,Paris,80,38,8,79
2024-12-18,LinkedIn,Australia,Sydney,83,9,35,27
2024-12-18,TikTok,France,Paris,130,39,13,32
2024-12-18,Instagram,Australia,Sydney,107,45,10,73
2024-12-18,X,Australia,Sydney,82,34,18,96
2024-12-18,Google Organic,Australia,Sydney,77,11,8,55
2024-12-19,Google,Germany,Berlin,132,25,34,41
2024-12-19,Facebook,South Africa,Cape Town,141,10,20,31
2024-12-19,LinkedIn,India,Mumbai,92,8,9,19
2024-12-19,TikTok,Canada,Toronto,133,15,31,63
2024-12-19,Instagram,Canada,Toronto,57,32,7,88
2024-12-19,X,Canada,Toronto,65,28,35,63
2024-12-19,Google Organic,Canada,Toronto,131,32,17,75
2024-12-20,Google,France,Paris,98,26,17,46
2024-12-20,Facebook,South Africa,Cape Town,42,35,9,75
2024-12-20,LinkedIn,South Africa,Cape Town,126,8,37,29
2024-12-20,TikTok,USA,Los Angeles,67,10,11,46
2024-12-20,Instagram,USA,Los Angeles,139,17,18,10
2024-12-20,X,Germany,Berlin,131,17,11,55
2024-12-20,Google Organic,Brazil,São Paulo,94,50,31,82
2024-12-21,Google,Australia,Sydney,143,37,38,65
2024-12-21,Facebook,Germany,Berlin,99,20,31,22
2024-12-21,LinkedIn,Germany,Berlin,48,22,35,49
2024-12-21,TikTok,Germany,Berlin,118,17,39,94
2024-12-21,Instagram,India,Mumbai,50,46,16,10
2024-12-21,X,USA,Los Angeles,59,23,34,82
2024-12-21,Google Organic,South Africa,Cape Town,54,11,16,95
2024-12-22,Google,USA,Los Angeles,77,15,12,11
2024-12-22,Facebook,India,Mumbai,79,30,28,23
2024-12-22,LinkedIn,USA,Los Angeles,91,37,38,85
2024-12-22,TikTok,France,Paris,55,47,38,70
2024-12-22,Instagram,USA,Los Angeles,120,43,18,93
2024-12-22,X,UK,London,117,21,38,96
2024-12-22,Google Organic,USA,Los Angeles,52,9,14,39
2024-12-23,Google,South Africa,Cape Town,90,41,29,100
2024-12-23,Facebook,South Africa,Cape Town,135,22,26,88
2024-12-23,LinkedIn,Germany,Berlin,142,34,26,17
2024-12-23,TikTok,South Africa,Cape Town,42,16,22,48
2024-12-23,Instagram,Germany,Berlin,121,46,11,64
2024-12-23,X,Germany,Berlin,55,49,17,14
2024-12-23,Google Organic,South Africa,Cape Town,112,35,28,22
2024-12-24,Google,Canada,Toronto,89,31,29,38
2024-12-24,Facebook,South Africa,Cape Town,116,8,23,56
2024-12-24,LinkedIn,Canada,Toronto,55,34,17,15
2024-12-24,TikTok,Brazil,São Paulo,146,26,27,10
2024-12-24,Instagram,Australia,Sydney,141,7,39,45
2024-12-24,X,Germany,Berlin,149,29,32,100
2024-12-24,Google Organic,Australia,Sydney,93,50,9,38
2024-12-25,Google,Germany,Berlin,46,34,9,26
2024-12-25,Facebook,Australia,Sydney,84,42,20,97
2024-12-25,LinkedIn,Brazil,São Paulo,142,38,23,34
2024-12-25,TikTok,France,Paris,55,21,23,44
2024-12-25,Instagram,Brazil,São Paulo,148,21,31,68
2024-12-25,X,Australia,Sydney,113,44,14,100
2024-12-25,Google Organic,India,Mumbai,139,36,20,63
2024-12-26,Google,Germany,Berlin,137,49,39,92
2024-12-26,Facebook,Australia,Sydney,133,9,32,96
2024-12-26,LinkedIn,France,Paris,63,5,37,16
2024-12-26,TikTok,India,Mumbai,120,13,15,89
2024-12-26,Instagram,South Africa,Cape Town,145,50,11,66
2024-12-26,X,Canada,Toronto,125,35,37,64
2024-12-26,Google Organic,Canada,Toronto,140,11,38,91
2024-12-27,Google,Australia,Sydney,54,8,37,40
2024-12-27,Facebook,Germany,Berlin,82,5,9,11
2024-12-27,LinkedIn,USA,Los Angeles,130,20,11,46
2024-12-27,TikTok,Brazil,São Paulo,54,13,23,53
2024-12-27,Instagram,USA,Los Angeles,106,15,23,37
2024-12-27,X,India,Mumbai,148,18,26,68
2024-12-27,Google Organic,USA,New York,70,14,37,40
2024-12-28,Google,USA,New York,92,47,20,13
2024-12-28,Facebook,Australia,Sydney,97,41,25,87
2024-12-28,LinkedIn,India,Mumbai,117,46,8,65
2024-12-28,TikTok,UK,London,145,44,16,12
2024-12-28,Instagram,Germany,Berlin,88,43,24,25
2024-12-28,X,USA,New York,142,22,5,79
2024-12-28,Google Organic,Brazil,São Paulo,122,32,13,13
2024-12-29,Google,South Africa,Cape Town,128,45,12,22
2024-12-29,Facebook,USA,Los Angeles,150,13,8,32
2024-12-29,LinkedIn,France,Paris,147,36,24,14
2024-12-29,TikTok,Australia,Sydney,74,13,39,97
2024-12-29,Instagram,USA,Los Angeles,136,18,39,59
2024-12-29,X,UK,London,121,6,9,92
2024-12-29,Google Organic,France,Paris,73,43,11,85
2024-12-30,Google,Australia,Sydney,69,23,19,15
2024-12-30,Facebook,USA,New York,97,30,34,34
2024-12-30,LinkedIn,South Africa,Cape Town,123,31,19,86
2024-12-30,TikTok,Canada,Toronto,121,23,18,21
2024-12-30,Instagram,Canada,Toronto,66,50,30,41
2024-12-30,X,Canada,Toronto,144,38,8,96
2024-12-30,Google Organic,USA,Los Angeles,118,47,17,22
2024-12-31,Google,USA,Los Angeles,46,48,33,48
2024-12-31,Facebook,USA,Los Angeles,45,23,28,75
2024-12-31,LinkedIn,Canada,Toronto,101,49,18,41
2024-12-31,TikTok,Canada,Toronto,50,28,17,82
2024-12-31,Instagram,USA,New York,149,21,18,97
2024-12-31,X,USA,New York,133,45,9,52
2024-12-31,Google Organic,France,Paris,118,29,27,47
2025-01-01,Google,UK,London,118,18,15,27
2025-01-01,Facebook,USA,New York,107,50,33,51
2025-01-01,LinkedIn,USA,New York,96,16,33,13
2025-01-01,TikTok,USA,Los Angeles,111,29,35,34
2025-01-01,Instagram,Australia,Sydney,93,13,13,79
2025-01-01,X,Australia,Sydney,130,12,27,43
2025-01-01,Google Organic,South Africa,Cape Town,147,32,17,44
2025-01-02,Google,South Africa,Cape Town,53,18,21,29
2025-01-02,Facebook,UK,London,137,26,17,49
2025-01-02,LinkedIn,USA,New York,71,6,34,12
2025-01-02,TikTok,Germany,Berlin,98,21,27,96
2025-01-02,Instagram,UK,London,62,41,10,70
2025-01-02,X,Germany,Berlin,72,23,24,31
2025-01-02,Google Organic,France,Paris,51,6,28,92
2025-01-03,Google,Brazil,São Paulo,84,21,22,11
2025-01-03,Facebook,South Africa,Cape Town,101,39,26,38
2025-01-03,LinkedIn,Canada,Toronto,125,29,36,57
2025-01-03,TikTok,France,Paris,58,43,36,80
2025-01-03,Instagram,UK,London,113,6,27,19
2025-01-03,X,France,Paris,48,18,23,99
2025-01-03,Google Organic,USA,New York,146,42,5,84
2025-01-04,Google,USA,Los Angeles,88,26,33,60
2025-01-04,Facebook,South Africa,Cape Town,51,38,35,53
2025-01-04,LinkedIn,South Africa,Cape Town,140,36,35,35
2025-01-04,TikTok,France,Paris,85,42,37,28
2025-01-04,Instagram,USA,New York,47,36,19,74
2025-01-04,X,France,Paris,128,49,6,20
2025-01-04,Google Organic,UK,London,114,33,39,38
2025-01-05,Google,Canada,Toronto,85,23,22,31
2025-01-05,Facebook,Canada,Toronto,135,6,24,11
2025-01-05,LinkedIn,USA,New York,91,26,35,89
2025-01-05,TikTok,Brazil,São Paulo,96,20,26,35
2025-01-05,Instagram,USA,Los Angeles,102,5,33,27
2025-01-05,X,South Africa,Cape Town,112,49,39,90
2025-01-05,Google Organic,USA,New York,110,43,25,64
2025-01-06,Google,Brazil,São Paulo,127,24,19,82
2025-01-06,Facebook,USA,New York,149,42,31,14
2025-01-06,LinkedIn,UK,London,110,5,16,64
2025-01-06,TikTok,Germany,Berlin,96,35,21,72
2025-01-06,Instagram,USA,New York,74,11,21,19
2025-01-06,X,USA,Los Angeles,116,9,6,57
2025-01-06,Google Organic,USA,Los Angeles,81,9,30,16
2025-01-07,Google,Brazil,São Paulo,57,23,35,72
2025-01-07,Facebook,Germany,Berlin,116,21,26,27
2025-01-07,LinkedIn,Canada,Toronto,141,31,26,78
2025-01-07,TikTok,Canada,Toronto,96,28,17,55
2025-01-07,Instagram,South Africa,Cape Town,54,14,40,61
2025-01-07,X,Brazil,São Paulo,106,26,18,70
2025-01-07,Google Organic,Brazil,São Paulo,44,20,31,59
2025-01-08,Google,Brazil,São Paulo,108,50,29,58
2025-01-08,Facebook,Canada,Toronto,42,25,33,93
2025-01-08,LinkedIn,South Africa,Cape Town,71,38,10,83
2025-01-08,TikTok,Canada,Toronto,74,9,37,100
2025-01-08,Instagram,UK,London,63,36,9,37
2025-01-08,X,USA,New York,70,37,26,89
2025-01-08,Google Organic,Germany,Berlin,146,44,33,84
2025-01-09,Google,UK,London,47,32,37,73
2025-01-09,Facebook,France,Paris,124,9,5,33
2025-01-09,LinkedIn,Australia,Sydney,42,12,13,38
2025-01-09,TikTok,Australia,Sydney,135,26,39,20
2025-01-09,Instagram,Australia,Sydney,132,42,35,47
2025-01-09,X,Australia,Sydney,150,8,21,94
2025-01-09,Google Organic,Germany,Berlin,57,28,18,69
2025-01-10,Google,USA,New York,100,40,27,54
2025-01-10,Facebook,USA,Los Angeles,54,13,36,54
2025-01-10,LinkedIn,Brazil,São Paulo,142,30,20,91
2025-01-10,TikTok,Germany,Berlin,44,21,34,89
2025-01-10,Instagram,USA,New York,77,17,13,56
2025-01-10,X,Canada,Toronto,132,48,19,83
2025-01-10,Google Organic,UK,London,111,21,34,85
2025-01-11,Google,France,Paris,80,14,25,47
2025-01-11,Facebook,Germany,Berlin,98,27,33,87
2025-01-11,LinkedIn,UK,London,65,34,38,54
2025-01-11,TikTok,Brazil,São Paulo,144,42,5,19
2025-01-11,Instagram,Brazil,São Paulo,49,35,21,22
2025-01-11,X,Canada,Toronto,78,31,21,71
2025-01-11,Google Organic,USA,New York,57,6,12,32
2025-01-12,Google,France,Paris,42,49,38,27
2025-01-12,Facebook,USA,Los Angeles,130,21,17,35
2025-01-12,LinkedIn,Germany,Berlin,121,9,22,61
2025-01-12,TikTok,UK,London,117,48,35,58
2025-01-12,Instagram,India,Mumbai,116,18,27,49
2025-01-12,X,India,Mumbai,73,40,29,58
2025-01-12,Google Organic,Canada,Toronto,62,35,16,22
2025-01-13,Google,Germany,Berlin,62,35,19,94
2025-01-13,Facebook,Brazil,São Paulo,138,12,29,65
2025-01-13,LinkedIn,USA,Los Angeles,57,36,23,10
2025-01-13,TikTok,Brazil,São Paulo,83,48,23,95
2025-01-13,Instagram,Germany,Berlin,73,45,8,64
2025-01-13,X,Germany,Berlin,101,44,39,24
2025-01-13,Google Organic,USA,Los Angeles,56,25,35,80
2025-01-14,Google,Germany,Berlin,99,48,13,20
2025-01-14,Facebook,Australia,Sydney,78,49,21,79
2025-01-14,LinkedIn,India,Mumbai,104,25,5,53
2025-01-14,TikTok,Brazil,São Paulo,85,5,9,67
2025-01-14,Instagram,India,Mumbai,61,33,28,21
2025-01-14,X,France,Paris,83,47,17,39
2025-01-14,Google Organic,India,Mumbai,56,22,25,40
2025-01-15,Google,France,Paris,106,29,27,25
2025-01-15,Facebook,UK,London,117,45,20,87
2025-01-15,LinkedIn,Australia,Sydney,94,31,5,52
2025-01-15,TikTok,India,Mumbai,142,25,22,73
2025-01-15,Instagram,Canada,Toronto,62,35,29,17
2025-01-15,X,Australia,Sydney,149,25,17,64
2025-01-15,Google Organic,France,Paris,54,20,35,49
2025-01-16,Google,Canada,Toronto,94,16,18,23
2025-01-16,Facebook,South Africa,Cape Town,73,34,32,93
2025-01-16,LinkedIn,UK,London,126,30,20,19
2025-01-16,TikTok,France,Paris,100,36,26,54
2025-01-16,Instagram,South Africa,Cape Town,99,24,30,13
2025-01-16,X,South Africa,Cape Town,71,26,33,10
2025-01-16,Google Organic,USA,New York,136,13,34,82
2025-01-17,Google,UK,London,52,32,10,67
2025-01-17,Facebook,USA,Los Angeles,67,50,15,79
2025-01-17,LinkedIn,India,Mumbai,119,38,27,64
2025-01-17,TikTok,Canada,Toronto,92,23,38,85
2025-01-17,Instagram,France,Paris,81,47,13,32
2025-01-17,X,France,Paris,116,13,37,32
2025-01-17,Google Organic,France,Paris,77,35,10,87
2025-01-18,Google,USA,Los Angeles,86,32,32,25
2025-01-18,Facebook,South Africa,Cape Town,76,7,9,77
2025-01-18,LinkedIn,India,Mumbai,90,39,36,77
2025-01-18,TikTok,USA,New York,110,13,6,98
2025-01-18,Instagram,Germany,Berlin,96,20,22,38
2025-01-18,X,India,Mumbai,60,19,29,53
2025-01-18,Google Organic,France,Paris,73,27,27,25
2025-01-19,Google,UK,London,53,42,14,96
2025-01-19,Facebook,France,Paris,136,6,8,12
2025-01-19,LinkedIn,Canada,Toronto,100,27,33,62
2025-01-19,TikTok,UK,London,130,7,17,22
2025-01-19,Instagram,South Africa,Cape Town,73,13,21,91
2025-01-19,X,Germany,Berlin,45,40,18,69
2025-01-19,Google Organic,Canada,Toronto,64,26,8,24
2025-01-20,Google,South Africa,Cape Town,42,34,23,21
2025-01-20,Facebook,Germany,Berlin,141,11,12,85
2025-01-20,LinkedIn,USA,New York,122,27,30,50
2025-01-20,TikTok,Australia,Sydney,135,47,6,33
2025-01-20,Instagram,Australia,Sydney,83,28,21,19
2025-01-20,X,Canada,Toronto,135,31,25,48
2025-01-20,Google Organic,Canada,Toronto,102,27,37,28
2025-01-21,Google,Australia,Sydney,122,6,9,72
2025-01-21,Facebook,India,Mumbai,96,30,33,27
2025-01-21,LinkedIn,USA,New York,128,43,20,77
2025-01-21,TikTok,UK,London,106,29,19,52
2025-01-21,Instagram,Brazil,São Paulo,76,8,38,97
2025-01-21,X,USA,Los Angeles,44,5,37,60
2025-01-21,Google Organic,USA,New York,150,40,26,26
2025-01-22,Google,Australia,Sydney,140,8,16,92
2025-01-22,Facebook,USA,New York,66,27,31,59
2025-01-22,LinkedIn,Canada,Toronto,130,49,33,86
2025-01-22,TikTok,Australia,Sydney,53,23,22,98
2025-01-22,Instagram,Canada,Toronto,65,11,31,52
2025-01-22,X,Germany,Berlin,137,33,16,80
2025-01-22,Google Organic,Germany,Berlin,150,33,23,60
2025-01-23,Google,France,Paris,79,41,37,62
2025-01-23,Facebook,UK,London,87,30,38,60
2025-01-23,LinkedIn,South Africa,Cape Town,51,22,6,69
2025-01-23,TikTok,Australia,Sydney,64,20,30,65
2025-01-23,Instagram,India,Mumbai,56,31,6,32
2025-01-23,X,USA,New York,68,38,12,92
2025-01-23,Google Organic,Canada,Toronto,102,14,40,74
2025-01-24,Google,USA,Los Angeles,108,30,6,56
2025-01-24,Facebook,USA,New York,127,23,29,84
2025-01-24,LinkedIn,India,Mumbai,107,17,31,18
2025-01-24,TikTok,India,Mumbai,63,21,6,43
2025-01-24,Instagram,India,Mumbai,138,19,8,24
2025-01-24,X,Germany,Berlin,127,30,5,57
2025-01-24,Google Organic,France,Paris,69,25,12,45
2025-01-25,Google,France,Paris,85,45,9,36
2025-01-25,Facebook,India,Mumbai,143,47,31,23
2025-01-25,LinkedIn,Germany,Berlin,60,33,6,14
2025-01-25,TikTok,South Africa,Cape Town,103,21,15,19
2025-01-25,Instagram,Canada,Toronto,49,7,30,29
2025-01-25,X,Germany,Berlin,85,18,27,13
2025-01-25,Google Organic,Brazil,São Paulo,110,19,10,55
2025-01-26,Google,India,Mumbai,86,29,16,87
2025-01-26,Facebook,South Africa,Cape Town,96,12,30,60
2025-01-26,LinkedIn,Canada,Toronto,130,12,34,18
2025-01-26,TikTok,Australia,Sydney,140,42,12,13
2025-01-26,Instagram,Germany,Berlin,119,33,19,64
2025-01-26,X,India,Mumbai,59,45,28,80
2025-01-26,Google Organic,Brazil,São Paulo,117,22,7,69
2025-01-27,Google,USA,New York,118,47,17,81
2025-01-27,Facebook,India,Mumbai,141,8,37,51
2025-01-27,LinkedIn,Brazil,São Paulo,86,7,36,56
2025-01-27,TikTok,Canada,Toronto,120,29,29,46
2025-01-27,Instagram,Canada,Toronto,91,33,22,97
2025-01-27,X,UK,London,79,39,28,63
2025-01-27,Google Organic,France,Paris,40,42,26,43
2025-01-28,Google,India,Mumbai,74,43,15,21
2025-01-28,Facebook,UK,London,120,38,37,90
2025-01-28,LinkedIn,Australia,Sydney,133,12,15,62
2025-01-28,TikTok,USA,Los Angeles,117,8,21,51
2025-01-28,Instagram,USA,Los Angeles,75,25,13,81
2025-01-28,X,USA,New York,58,25,29,100
2025-01-28,Google Organic,Germany,Berlin,117,27,36,16
2025-01-29,Google,Brazil,São Paulo,111,18,34,78
2025-01-29,Facebook,France,Paris,87,50,10,48
2025-01-29,LinkedIn,Canada,Toronto,114,27,13,91
2025-01-29,TikTok,UK,London,108,38,6,69
2025-01-29,Instagram,India,Mumbai,137,31,28,75
2025-01-29,X,USA,New York,84,46,27,71
2025-01-29,Google Organic,USA,Los Angeles,136,30,40,10
2025-01-30,Google,South Africa,Cape Town,70,34,5,54
2025-01-30,Facebook,Germany,Berlin,105,33,7,60
2025-01-30,LinkedIn,France,Paris,122,34,28,18
2025-01-30,TikTok,South Africa,Cape Town,77,49,39,23
2025-01-30,Instagram,USA,New York,59,43,31,30
2025-01-30,X,Australia,Sydney,108,16,22,68
2025-01-30,Google Organic,Australia,Sydney,80,9,30,11
2025-01-31,Google,India,Mumbai,67,39,37,39
2025-01-31,Facebook,USA,Los Angeles,68,34,15,94
2025-01-31,LinkedIn,UK,London,85,21,7,20
2025-01-31,TikTok,USA,Los Angeles,68,12,17,36
2025-01-31,Instagram,Canada,Toronto,70,21,38,67
2025-01-31,X,Brazil,São Paulo,54,8,17,29
2025-01-31,Google Organic,USA,New York,104,36,11,72
2025-02-01,Google,France,Paris,61,37,7,19
2025-02-01,Facebook,USA,Los Angeles,143,48,21,39
2025-02-01,LinkedIn,USA,Los Angeles,114,5,7,86
2025-02-01,TikTok,Germany,Berlin,133,42,27,75
2025-02-01,Instagram,UK,London,148,20,32,49
2025-02-01,X,India,Mumbai,139,42,6,73
2025-02-01,Google Organic,Brazil,São Paulo,48,13,24,73
2025-02-02,Google,Canada,Toronto,66,49,19,15
2025-02-02,Facebook,USA,Los Angeles,81,11,29,68
2025-02-02,LinkedIn,Australia,Sydney,44,36,28,90
2025-02-02,TikTok,USA,New York,137,28,28,92
2025-02-02,Instagram,South Africa,Cape Town,146,41,35,17
2025-02-02,X,Australia,Sydney,96,28,18,59
2025-02-02,Google Organic,Germany,Berlin,102,5,11,69
2025-02-03,Google,France,Paris,44,45,6,100
2025-02-03,Facebook,USA,New York,40,43,26,18
2025-02-03,LinkedIn,UK,London,148,50,16,55
2025-02-03,TikTok,Germany,Berlin,117,15,39,79
2025-02-03,Instagram,UK,London,73,25,34,78
2025-02-03,X,UK,London,133,50,21,58
2025-02-03,Google Organic,India,Mumbai,95,9,27,89
2025-02-04,Google,India,Mumbai,129,15,11,62
2025-02-04,Facebook,Australia,Sydney,91,12,37,41
2025-02-04,LinkedIn,USA,Los Angeles,133,31,19,21
2025-02-04,TikTok,USA,New York,75,33,29,76
2025-02-04,Instagram,Germany,Berlin,47,48,24,63
2025-02-04,X,Germany,Berlin,123,17,30,45
2025-02-04,Google Organic,India,Mumbai,130,24,25,20
2025-02-05,Google,India,Mumbai,94,40,31,69
2025-02-05,Facebook,UK,London,122,10,36,44
2025-02-05,LinkedIn,Canada,Toronto,64,37,39,21
2025-02-05,TikTok,USA,Los Angeles,91,16,5,89
2025-02-05,Instagram,Brazil,São Paulo,95,35,15,33
2025-02-05,X,Germany,Berlin,89,32,25,37
2025-02-05,Google Organic,South Africa,Cape Town,123,39,25,30
2025-02-06,Google,Canada,Toronto,121,39,22,74
2025-02-06,Facebook,Germany,Berlin,150,20,28,30
2025-02-06,LinkedIn,Canada,Toronto,90,33,31,65
2025-02-06,TikTok,USA,Los Angeles,91,49,6,54
2025-02-06,Instagram,Canada,Toronto,90,10,13,53
2025-02-06,X,Australia,Sydney,146,27,38,17
2025-02-06,Google Organic,USA,Los Angeles,55,28,23,44
2025-02-07,Google,South Africa,Cape Town,64,30,35,18
2025-02-07,Facebook,India,Mumbai,65,43,32,27
2025-02-07,LinkedIn,USA,Los Angeles,68,46,32,46
2025-02-07,TikTok,Germany,Berlin,83,37,30,16
2025-02-07,Instagram,UK,London,117,29,6,61
2025-02-07,X,India,Mumbai,71,36,11,96
2025-02-07,Google Organic,USA,New York,107,9,34,95
2025-02-08,Google,Brazil,São Paulo,123,32,30,89
2025-02-08,Facebook,USA,New York,49,34,28,67
2025-02-08,LinkedIn,Brazil,São Paulo,61,29,33,24
2025-02-08,TikTok,Canada,Toronto,126,45,9,34
2025-02-08,Instagram,France,Paris,92,38,13,17
2025-02-08,X,Germany,Berlin,107,42,40,95
2025-02-08,Google Organic,USA,Los Angeles,55,43,18,12
2025-02-09,Google,France,Paris,59,19,17,10
2025-02-09,Facebook,Australia,Sydney,129,34,10,30
2025-02-09,LinkedIn,USA,Los Angeles,136,46,12,98
2025-02-09,TikTok,Australia,Sydney,79,7,17,66
2025-02-09,Instagram,Germany,Berlin,129,26,31,24
2025-02-09,X,France,Paris,119,10,31,26
2025-02-09,Google Organic,Australia,Sydney,49,44,31,17
2025-02-10,Google,South Africa,Cape Town,95,18,21,85
2025-02-10,Facebook,USA,Los Angeles,45,44,8,52
2025-02-10,LinkedIn,Germany,Berlin,47,6,13,35
2025-02-10,TikTok,USA,Los Angeles,137,13,29,15
2025-02-10,Instagram,India,Mumbai,57,44,35,70
2025-02-10,X,USA,Los Angeles,112,19,24,51
2025-02-10,Google Organic,South Africa,Cape Town,111,39,6,95
2025-02-11,Google,USA,New York,61,21,6,15
2025-02-11,Facebook,USA,New York,109,42,26,99
2025-02-11,LinkedIn,Canada,Toronto,128,45,20,79
2025-02-11,TikTok,India,Mumbai,78,50,40,14
2025-02-11,Instagram,USA,Los Angeles,141,12,40,42
2025-02-11,X,USA,New York,108,24,26,45
2025-02-11,Google Organic,France,Paris,143,42,10,71
2025-02-12,Google,Brazil,São Paulo,97,13,17,17
2025-02-12,Facebook,UK,London,122,38,29,13
2025-02-12,LinkedIn,Germany,Berlin,113,9,10,78
2025-02-12,TikTok,France,Paris,136,37,9,60
2025-02-12,Instagram,South Africa,Cape Town,68,23,23,95
2025-02-12,X,Australia,Sydney,62,41,16,98
2025-02-12,Google Organic,France,Paris,97,30,39,39
2025-02-13,Google,South Africa,Cape Town,45,35,14,98
2025-02-13,Facebook,South Africa,Cape Town,90,33,19,44
2025-02-13,LinkedIn,India,Mumbai,98,17,13,35
2025-02-13,TikTok,South Africa,Cape Town,148,25,17,20
2025-02-13,Instagram,Germany,Berlin,63,21,32,76
2025-02-13,X,Australia,Sydney,64,38,5,77
2025-02-13,Google Organic,Germany,Berlin,143,7,39,40
2025-02-14,Google,Brazil,São Paulo,62,47,19,87
2025-02-14,Facebook,UK,London,58,9,32,79
2025-02-14,LinkedIn,Germany,Berlin,44,41,27,29
2025-02-14,TikTok,USA,New York,108,25,40,26
2025-02-14,Instagram,France,Paris,135,21,40,10
2025-02-14,X,India,Mumbai,42,40,8,72
2025-02-14,Google Organic,India,Mumbai,104,40,25,36
2025-02-15,Google,South Africa,Cape Town,128,34,21,82
2025-02-15,Facebook,Australia,Sydney,149,50,8,81
2025-02-15,LinkedIn,UK,London,66,31,26,42
2025-02-15,TikTok,UK,London,57,23,40,73
2025-02-15,Instagram,South Africa,Cape Town,60,30,27,24
2025-02-15,X,Germany,Berlin,68,11,15,79
2025-02-15,Google Organic,Australia,Sydney,107,23,32,89
2025-02-16,Google,South Africa,Cape Town,127,42,6,10
2025-02-16,Facebook,India,Mumbai,108,29,32,83
2025-02-16,LinkedIn,Australia,Sydney,110,41,18,56
2025-02-16,TikTok,UK,London,127,41,15,41
2025-02-16,Instagram,India,Mumbai,110,35,23,68
2025-02-16,X,UK,London,58,45,23,96
2025-02-16,Google Organic,USA,New York,95,32,30,31
2025-02-17,Google,Australia,Sydney,91,21,21,86
2025-02-17,Facebook,UK,London,55,14,34,42
2025-02-17,LinkedIn,Australia,Sydney,60,31,23,76
2025-02-17,TikTok,USA,Los Angeles,44,46,31,65
2025-02-17,Instagram,USA,Los Angeles,68,49,20,28
2025-02-17,X,USA,New York,126,19,27,58
2025-02-17,Google Organic,France,Paris,109,37,33,42
2025-02-18,Google,USA,New York,57,39,5,28
2025-02-18,Facebook,UK,London,100,37,19,65
2025-02-18,LinkedIn,Germany,Berlin,51,13,17,78
2025-02-18,TikTok,India,Mumbai,133,11,40,12
2025-02-18,Instagram,India,Mumbai,62,12,35,37
2025-02-18,X,Australia,Sydney,82,14,12,38
2025-02-18,Google Organic,Germany,Berlin,141,34,36,35
2025-02-19,Google,India,Mumbai,71,46,15,19
2025-02-19,Facebook,Brazil,São Paulo,119,39,40,66
2025-02-19,LinkedIn,India,Mumbai,116,50,40,46
2025-02-19,TikTok,UK,London,77,6,38,88
2025-02-19,Instagram,USA,New York,119,15,13,28
2025-02-19,X,Australia,Sydney,53,39,27,26
2025-02-19,Google Organic,UK,London,41,33,15,77
2025-02-20,Google,Germany,Berlin,115,30,37,69
2025-02-20,Facebook,Australia,Sydney,54,20,24,68
2025-02-20,LinkedIn,Canada,Toronto,116,39,29,31
2025-02-20,TikTok,Brazil,São Paulo,84,45,27,90
2025-02-20,Instagram,Australia,Sydney,55,50,14,12
2025-02-20,X,France,Paris,127,9,17,26
2025-02-20,Google Organic,USA,New York,93,11,16,49
2025-02-21,Google,France,Paris,126,24,19,85
2025-02-21,Facebook,Canada,Toronto,86,29,6,66
2025-02-21,LinkedIn,UK,London,138,5,25,37
2025-02-21,TikTok,Australia,Sydney,53,48,36,40
2025-02-21,Instagram,South Africa,Cape Town,50,37,29,65
2025-02-21,X,South Africa,Cape Town,130,39,18,50
2025-02-21,Google Organic,India,Mumbai,92,21,7,10
2025-02-22,Google,Canada,Toronto,143,39,13,78
2025-02-22,Facebook,Germany,Berlin,65,7,21,31
2025-02-22,LinkedIn,UK,London,53,34,12,76
2025-02-22,TikTok,Brazil,São Paulo,44,6,27,27
2025-02-22,Instagram,USA,New York,70,12,28,84
2025-02-22,X,Brazil,São Paulo,96,12,24,26
2025-02-22,Google Organic,USA,Los Angeles,54,13,10,12
2025-02-23,Google,Germany,Berlin,125,8,12,65
2025-02-23,Facebook,Canada,Toronto,118,44,13,96
2025-02-23,LinkedIn,USA,New York,142,28,17,64
2025-02-23,TikTok,South Africa,Cape Town,42,17,27,35
2025-02-23,Instagram,Germany,Berlin,40,49,36,53
2025-02-23,X,UK,London,50,17,29,42
2025-02-23,Google Organic,South Africa,Cape Town,53,8,34,80
2025-02-24,Google,India,Mumbai,80,42,30,56
2025-02-24,Facebook,Germany,Berlin,41,6,27,57
2025-02-24,LinkedIn,USA,Los Angeles,44,30,22,86
2025-02-24,TikTok,Germany,Berlin,73,34,39,70
2025-02-24,Instagram,UK,London,132,33,7,80
2025-02-24,X,Germany,Berlin,118,39,5,24
2025-02-24,Google Organic,South Africa,Cape Town,71,33,35,37
2025-02-25,Google,France,Paris,130,14,34,48
2025-02-25,Facebook,France,Paris,146,47,29,22
2025-02-25,LinkedIn,Australia,Sydney,72,49,19,79
2025-02-25,TikTok,France,Paris,127,23,34,10
2025-02-25,Instagram,USA,New York,60,21,8,46
2025-02-25,X,Canada,Toronto,120,16,14,12
2025-02-25,Google Organic,Brazil,São Paulo,139,13,16,82
2025-02-26,Google,Brazil,São Paulo,63,24,36,13
2025-02-26,Facebook,USA,New York,144,7,10,41
2025-02-26,LinkedIn,Brazil,São Paulo,138,13,26,78
2025-02-26,TikTok,USA,New York,88,16,39,89
2025-02-26,Instagram,Germany,Berlin,105,50,34,85
2025-02-26,X,Germany,Berlin,72,8,31,25
2025-02-26,Google Organic,France,Paris,46,45,40,42
2025-02-27,Google,USA,New York,97,30,13,94
2025-02-27,Facebook,USA,New York,115,11,31,16
2025-02-27,LinkedIn,USA,New York,89,28,22,36
2025-02-27,TikTok,UK,London,128,5,36,65
2025-02-27,Instagram,Germany,Berlin,117,6,20,43
2025-02-27,X,Germany,Berlin,110,37,13,46
2025-02-27,Google Organic,USA,New York,112,25,37,89
2025-02-28,Google,USA,Los Angeles,141,43,22,91
2025-02-28,Facebook,India,Mumbai,109,47,35,70
2025-02-28,LinkedIn,USA,New York,46,49,18,36
2025-02-28,TikTok,USA,Los Angeles,48,36,5,47
2025-02-28,Instagram,Australia,Sydney,130,12,11,35
2025-02-28,X,France,Paris,52,9,10,47
2025-02-28,Google Organic,UK,London,143,24,40,63
2025-03-01,Google,France,Paris,67,41,25,61
2025-03-01,Facebook,France,Paris,75,43,28,88
2025-03-01,LinkedIn,Canada,Toronto,48,15,12,30
2025-03-01,TikTok,South Africa,Cape Town,74,41,22,54
2025-03-01,Instagram,South Africa,Cape Town,102,10,29,18
2025-03-01,X,USA,Los Angeles,45,46,6,35
2025-03-01,Google Organic,Brazil,São Paulo,82,33,37,82
2025-03-02,Google,India,Mumbai,94,26,38,58
2025-03-02,Facebook,UK,London,77,31,25,34
2025-03-02,LinkedIn,USA,Los Angeles,91,24,33,35
2025-03-02,TikTok,Brazil,São Paulo,64,34,12,40
2025-03-02,Instagram,USA,Los Angeles,50,13,11,35
2025-03-02,X,Canada,Toronto,77,8,29,27
2025-03-02,Google Organic,Brazil,São Paulo,69,5,13,67
2025-03-03,Google,India,Mumbai,108,50,19,19
2025-03-03,Facebook,Canada,Toronto,120,20,22,57
2025-03-03,LinkedIn,Canada,Toronto,93,19,23,15
2025-03-03,TikTok,Canada,Toronto,147,47,16,19
2025-03-03,Instagram,USA,Los Angeles,60,36,15,64
2025-03-03,X,UK,London,78,50,31,90
2025-03-03,Google Organic,USA,New York,53,38,32,74
2025-03-04,Google,Germany,Berlin,46,37,36,37
2025-03-04,Facebook,Canada,Toronto,88,7,25,86
2025-03-04,LinkedIn,UK,London,110,5,36,91
2025-03-04,TikTok,France,Paris,140,10,36,15
2025-03-04,Instagram,Canada,Toronto,65,22,40,32
2025-03-04,X,Brazil,São Paulo,80,26,7,96
2025-03-04,Google Organic,Brazil,São Paulo,50,31,31,97
2025-03-05,Google,UK,London,93,33,22,43
2025-03-05,Facebook,Canada,Toronto,130,30,8,67
2025-03-05,LinkedIn,Brazil,São Paulo,139,18,22,58
2025-03-05,TikTok,UK,London,67,29,14,55
2025-03-05,Instagram,Germany,Berlin,123,20,16,80
2025-03-05,X,UK,London,82,49,24,100
2025-03-05,Google Organic,UK,London,99,36,5,31
2025-03-06,Google,Australia,Sydney,139,43,9,51
2025-03-06,Facebook,India,Mumbai,102,24,18,89
2025-03-06,LinkedIn,Australia,Sydney,68,21,32,82
2025-03-06,TikTok,Germany,Berlin,128,31,23,20
2025-03-06,Instagram,South Africa,Cape Town,107,49,36,86
2025-03-06,X,India,Mumbai,90,37,39,26
2025-03-06,Google Organic,Canada,Toronto,138,27,35,70
2025-03-07,Google,South Africa,Cape Town,74,27,19,75
2025-03-07,Facebook,France,Paris,46,36,6,40
2025-03-07,LinkedIn,UK,London,131,27,37,46
2025-03-07,TikTok,South Africa,Cape Town,122,26,38,25
2025-03-07,Instagram,France,Paris,76,12,15,91
2025-03-07,X,France,Paris,119,20,31,25
2025-03-07,Google Organic,South Africa,Cape Town,52,15,19,93
2025-03-08,Google,South Africa,Cape Town,53,39,8,52
2025-03-08,Facebook,USA,New York,150,47,20,11
2025-03-08,LinkedIn,Australia,Sydney,51,17,7,73
2025-03-08,TikTok,USA,Los Angeles,144,21,5,57
2025-03-08,Instagram,France,Paris,92,37,11,29
2025-03-08,X,USA,Los Angeles,92,5,29,30
2025-03-08,Google Organic,India,Mumbai,106,24,14,97
2025-03-09,Google,Canada,Toronto,76,10,28,70
2025-03-09,Facebook,USA,Los Angeles,78,18,15,76
2025-03-09,LinkedIn,USA,New York,47,38,19,79
2025-03-09,TikTok,USA,New York,65,21,21,97
2025-03-09,Instagram,UK,London,89,18,36,36
2025-03-09,X,Canada,Toronto,88,17,38,24
2025-03-09,Google Organic,Canada,Toronto,120,8,12,88
2025-03-10,Google,South Africa,Cape Town,145,34,27,67
2025-03-10,Facebook,Brazil,São Paulo,139,9,7,66
2025-03-10,LinkedIn,South Africa,Cape Town,101,29,9,37
2025-03-10,TikTok,USA,Los Angeles,60,40,22,93
2025-03-10,Instagram,France,Paris,83,26,40,19
2025-03-10,X,UK,London,49,23,15,94
2025-03-10,Google Organic,Germany,Berlin,70,50,33,74
2025-03-11,Google,Australia,Sydney,124,9,20,51
2025-03-11,Facebook,Brazil,São Paulo,127,14,37,84
2025-03-11,LinkedIn,France,Paris,105,32,37,28
2025-03-11,TikTok,Australia,Sydney,94,24,26,76
2025-03-11,Instagram,USA,New York,94,50,28,18
2025-03-11,X,Canada,Toronto,135,32,38,83
2025-03-11,Google Organic,Brazil,São Paulo,47,20,13,16
2025-03-12,Google,South Africa,Cape Town,148,9,29,24
2025-03-12,Facebook,USA,New York,43,44,24,78
2025-03-12,LinkedIn,USA,Los Angeles,85,13,30,46
2025-03-12,TikTok,Australia,Sydney,137,27,28,89
2025-03-12,Instagram,Brazil,São Paulo,99,5,13,57
2025-03-12,X,Canada,Toronto,146,24,9,66
2025-03-12,Google Organic,Canada,Toronto,134,28,31,47
2025-03-13,Google,UK,London,66,5,34,57
2025-03-13,Facebook,South Africa,Cape Town,123,40,16,71
2025-03-13,LinkedIn,South Africa,Cape Town,91,8,17,86
2025-03-13,TikTok,India,Mumbai,137,12,14,77
2025-03-13,Instagram,UK,London,148,30,23,93
2025-03-13,X,Brazil,São Paulo,123,15,12,99
2025-03-13,Google Organic,USA,New York,117,50,31,33
2025-03-14,Google,South Africa,Cape Town,95,6,11,54
2025-03-14,Facebook,Australia,Sydney,85,24,19,24
2025-03-14,LinkedIn,USA,Los Angeles,77,41,13,96
2025-03-14,TikTok,USA,New York,63,21,27,18
2025-03-14,Instagram,Germany,Berlin,122,35,27,18
2025-03-14,X,UK,London,146,30,18,66
2025-03-14,Google Organic,Canada,Toronto,88,33,16,60
2025-03-15,Google,USA,Los Angeles,150,26,20,27
2025-03-15,Facebook,France,Paris,140,38,13,11
2025-03-15,LinkedIn,Canada,Toronto,44,44,31,55
2025-03-15,TikTok,Canada,Toronto,55,24,31,97
2025-03-15,Instagram,USA,Los Angeles,79,38,18,67
2025-03-15,X,Brazil,São Paulo,125,13,14,95
2025-03-15,Google Organic,Australia,Sydney,59,36,12,24
2025-03-16,Google,Germany,Berlin,126,21,8,73
2025-03-16,Facebook,India,Mumbai,74,13,25,76
2025-03-16,LinkedIn,France,Paris,59,26,40,71
2025-03-16,TikTok,USA,Los Angeles,67,42,35,80
2025-03-16,Instagram,South Africa,Cape Town,141,35,28,31
2025-03-16,X,Germany,Berlin,135,40,5,67
2025-03-16,Google Organic,India,Mumbai,75,41,5,60
2025-03-17,Google,Canada,Toronto,114,13,6,26
2025-03-17,Facebook,Australia,Sydney,60,8,29,32
2025-03-17,LinkedIn,USA,Los Angeles,81,24,5,67
2025-03-17,TikTok,Germany,Berlin,65,18,37,80
2025-03-17,Instagram,Germany,Berlin,48,20,36,80
2025-03-17,X,South Africa,Cape Town,75,44,35,78
2025-03-17,Google Organic,Brazil,São Paulo,76,39,39,55
2025-03-18,Google,Germany,Berlin,84,18,13,11
2025-03-18,Facebook,USA,Los Angeles,69,20,39,23
2025-03-18,LinkedIn,USA,Los Angeles,75,29,32,67
2025-03-18,TikTok,Germany,Berlin,86,28,29,89
2025-03-18,Instagram,France,Paris,63,12,8,89
2025-03-18,X,USA,New York,50,23,32,20
2025-03-18,Google Organic,Australia,Sydney,71,46,32,44
2025-03-19,Google,South Africa,Cape Town,53,36,17,88
2025-03-19,Facebook,France,Paris,77,13,40,97
2025-03-19,LinkedIn,USA,Los Angeles,95,26,38,61
2025-03-19,TikTok,India,Mumbai,44,8,5,10
2025-03-19,Instagram,India,Mumbai,103,12,33,22
2025-03-19,X,Brazil,São Paulo,122,47,12,88
2025-03-19,Google Organic,France,Paris,77,21,14,90
2025-03-20,Google,South Africa,Cape Town,73,42,31,15
2025-03-20,Facebook,Australia,Sydney,98,11,36,35
2025-03-20,LinkedIn,Australia,Sydney,131,12,30,54
2025-03-20,TikTok,USA,Los Angeles,150,32,30,63
2025-03-20,Instagram,Brazil,São Paulo,65,37,25,79
2025-03-20,X,UK,London,125,38,13,44
2025-03-20,Google Organic,Australia,Sydney,136,7,38,74
2025-03-21,Google,Australia,Sydney,41,5,18,48
2025-03-21,Facebook,USA,New York,68,36,10,64
2025-03-21,LinkedIn,USA,New York,93,12,7,79
2025-03-21,TikTok,UK,London,128,13,27,51
2025-03-21,Instagram,Germany,Berlin,53,12,21,79
2025-03-21,X,USA,Los Angeles,69,22,35,91
2025-03-21,Google Organic,Australia,Sydney,46,17,17,78
2025-03-22,Google,France,Paris,85,22,18,86
2025-03-22,Facebook,Brazil,São Paulo,113,35,6,14
2025-03-22,LinkedIn,Germany,Berlin,147,28,34,77
2025-03-22,TikTok,India,Mumbai,145,35,16,95
2025-03-22,Instagram,UK,London,133,24,15,69
2025-03-22,X,USA,Los Angeles,88,15,36,89
2025-03-22,Google Organic,France,Paris,47,45,13,91
2025-03-23,Google,Brazil,São Paulo,146,46,28,42
2025-03-23,Facebook,India,Mumbai,57,34,21,71
2025-03-23,LinkedIn,USA,Los Angeles,99,46,35,36
2025-03-23,TikTok,South Africa,Cape Town,133,15,12,43
2025-03-23,Instagram,Canada,Toronto,142,28,35,15
2025-03-23,X,South Africa,Cape Town,67,27,13,19
2025-03-23,Google Organic,Australia,Sydney,64,10,26,12
2025-03-24,Google,France,Paris,98,16,31,38
2025-03-24,Facebook,UK,London,70,39,23,36
2025-03-24,LinkedIn,Brazil,São Paulo,140,42,29,23
2025-03-24,TikTok,USA,Los Angeles,122,11,11,21
2025-03-24,Instagram,USA,Los Angeles,80,28,10,99
2025-03-24,X,Germany,Berlin,129,34,24,13
2025-03-24,Google Organic,Germany,Berlin,121,25,13,55
2025-03-25,Google,India,Mumbai,125,5,17,98
2025-03-25,Facebook,USA,Los Angeles,72,34,34,81
2025-03-25,LinkedIn,Canada,Toronto,147,25,23,47
2025-03-25,TikTok,Canada,Toronto,63,40,27,52
2025-03-25,Instagram,Brazil,São Paulo,113,17,27,40
2025-03-25,X,USA,New York,101,15,31,50
2025-03-25,Google Organic,South Africa,Cape Town,48,8,34,33
2025-03-26,Google,USA,Los Angeles,126,16,29,25
2025-03-26,Facebook,South Africa,Cape Town,96,46,6,65
2025-03-26,LinkedIn,Australia,Sydney,44,29,8,93
2025-03-26,TikTok,UK,London,150,49,8,97
2025-03-26,Instagram,UK,London,55,12,27,77
2025-03-26,X,USA,New York,83,28,6,76
2025-03-26,Google Organic,USA,New York,109,45,9,99
2025-03-27,Google,Australia,Sydney,73,47,26,10
2025-03-27,Facebook,France,Paris,139,20,23,16
2025-03-27,LinkedIn,Brazil,São Paulo,108,22,5,51
2025-03-27,TikTok,UK,London,84,35,23,86
2025-03-27,Instagram,Germany,Berlin,89,39,23,64
2025-03-27,X,USA,Los Angeles,45,22,24,58
2025-03-27,Google Organic,Germany,Berlin,121,8,13,42
2025-03-28,Google,France,Paris,142,12,35,13
2025-03-28,Facebook,South Africa,Cape Town,50,28,36,33
2025-03-28,LinkedIn,Australia,Sydney,74,9,17,35
2025-03-28,TikTok,India,Mumbai,138,27,5,81
2025-03-28,Instagram,Germany,Berlin,62,22,13,91
2025-03-28,X,USA,New York,63,33,30,65
2025-03-28,Google Organic,Canada,Toronto,42,49,26,91
2025-03-29,Google,USA,New York,42,26,27,66
2025-03-29,Facebook,France,Paris,114,47,17,78
2025-03-29,LinkedIn,Canada,Toronto,126,28,26,61
2025-03-29,TikTok,India,Mumbai,69,8,21,32
2025-03-29,Instagram,Brazil,São Paulo,136,6,8,98
2025-03-29,X,USA,New York,85,27,36,35
2025-03-29,Google Organic,USA,New York,147,19,37,42
2025-03-30,Google,Germany,Berlin,66,42,26,19
2025-03-30,Facebook,USA,Los Angeles,149,12,23,36
2025-03-30,LinkedIn,Brazil,São Paulo,127,45,17,78
2025-03-30,TikTok,France,Paris,122,35,10,85
2025-03-30,Instagram,South Africa,Cape Town,144,13,25,96
2025-03-30,X,UK,London,83,14,30,27
2025-03-30,Google Organic,USA,Los Angeles,85,47,34,95
2025-03-31,Google,Canada,Toronto,64,48,26,95
2025-03-31,Facebook,India,Mumbai,129,33,26,71
2025-03-31,LinkedIn,Germany,Berlin,63,41,16,31
2025-03-31,TikTok,USA,New York,115,38,30,93
2025-03-31,Instagram,Canada,Toronto,83,28,18,94
2025-03-31,X,Canada,Toronto,148,26,34,48
2025-03-31,Google Organic,India,Mumbai,58,12,30,48
2025-04-01,Google,Germany,Berlin,105,5,24,47
2025-04-01,Facebook,Brazil,São Paulo,134,11,23,62
2025-04-01,LinkedIn,USA,Los Angeles,85,48,23,11
2025-04-01,TikTok,UK,London,132,8,22,71
2025-04-01,Instagram,Germany,Berlin,73,15,33,40
2025-04-01,X,Germany,Berlin,53,37,20,34
2025-04-01,Google Organic,Brazil,São Paulo,52,50,14,86
2025-04-02,Google,Germany,Berlin,109,48,16,53
2025-04-02,Facebook,Germany,Berlin,146,32,22,72
2025-04-02,LinkedIn,France,Paris,88,30,36,94
2025-04-02,TikTok,France,Paris,43,27,40,100
2025-04-02,Instagram,UK,London,123,18,36,92
2025-04-02,X,Germany,Berlin,54,15,17,31
2025-04-02,Google Organic,Brazil,São Paulo,126,23,29,15
2025-04-03,Google,India,Mumbai,135,45,38,72
2025-04-03,Facebook,France,Paris,71,12,35,69
2025-04-03,LinkedIn,South Africa,Cape Town,68,5,16,55
2025-04-03,TikTok,South Africa,Cape Town,59,16,15,91
2025-04-03,Instagram,USA,New York,65,42,36,77
2025-04-03,X,France,Paris,107,30,32,92
2025-04-03,Google Organic,USA,Los Angeles,82,8,40,74
2025-04-04,Google,Brazil,São Paulo,50,9,18,91
2025-04-04,Facebook,USA,Los Angeles,95,48,14,59
2025-04-04,LinkedIn,France,Paris,55,25,5,20
2025-04-04,TikTok,Australia,Sydney,146,27,6,46
2025-04-04,Instagram,India,Mumbai,119,14,39,10
2025-04-04,X,India,Mumbai,115,30,17,53
2025-04-04,Google Organic,USA,Los Angeles,96,47,40,11
2025-04-05,Google,Brazil,São Paulo,142,22,40,19
2025-04-05,Facebook,Canada,Toronto,60,28,38,21
2025-04-05,LinkedIn,South Africa,Cape Town,119,32,20,50
2025-04-05,TikTok,South Africa,Cape Town,63,47,22,36
2025-04-05,Instagram,Germany,Berlin,120,9,33,43
2025-04-05,X,Canada,Toronto,66,35,17,18
2025-04-05,Google Organic,India,Mumbai,131,15,27,49
2025-04-06,Google,South Africa,Cape Town,90,36,26,25
2025-04-06,Facebook,India,Mumbai,139,5,7,48
2025-04-06,LinkedIn,India,Mumbai,63,44,37,85
2025-04-06,TikTok,Brazil,São Paulo,136,32,29,69
2025-04-06,Instagram,France,Paris,121,12,5,78
2025-04-06,X,Canada,Toronto,59,49,36,87
2025-04-06,Google Organic,Germany,Berlin,89,23,27,23
2025-04-07,Google,India,Mumbai,56,43,22,14
2025-04-07,Facebook,India,Mumbai,112,9,27,71
2025-04-07,LinkedIn,UK,London,99,43,15,90
2025-04-07,TikTok,USA,Los Angeles,96,34,37,79
2025-04-07,Instagram,Germany,Berlin,110,42,23,28
2025-04-07,X,India,Mumbai,105,9,24,16
2025-04-07,Google Organic,France,Paris,52,16,31,92
2025-04-08,Google,Germany,Berlin,84,7,23,74
2025-04-08,Facebook,USA,Los Angeles,62,36,11,74
2025-04-08,LinkedIn,Australia,Sydney,144,42,24,36
2025-04-08,TikTok,Australia,Sydney,63,37,40,95
2025-04-08,Instagram,USA,Los Angeles,81,50,9,21
2025-04-08,X,South Africa,Cape Town,40,27,24,22
2025-04-08,Google Organic,South Africa,Cape Town,119,17,29,76
2025-04-09,Google,Brazil,São Paulo,108,23,28,54
2025-04-09,Facebook,Canada,Toronto,87,40,19,24
2025-04-09,LinkedIn,Canada,Toronto,124,43,31,69
2025-04-09,TikTok,India,Mumbai,87,7,32,95
2025-04-09,Instagram,Canada,Toronto,119,9,26,78
2025-04-09,X,South Africa,Cape Town,53,30,19,83
2025-04-09,Google Organic,USA,Los Angeles,49,35,7,35
2025-04-10,Google,UK,London,67,28,20,20
2025-04-10,Facebook,Australia,Sydney,145,38,22,92
2025-04-10,LinkedIn,Brazil,São Paulo,116,48,12,47
2025-04-10,TikTok,Germany,Berlin,118,48,9,77
2025-04-10,Instagram,Australia,Sydney,68,17,18,41
2025-04-10,X,South Africa,Cape Town,48,45,37,73
2025-04-10,Google Organic,Canada,Toronto,74,10,35,67
2025-04-11,Google,UK,London,55,41,12,81
2025-04-11,Facebook,USA,Los Angeles,93,23,35,32
2025-04-11,LinkedIn,USA,New York,49,16,11,18
2025-04-11,TikTok,South Africa,Cape Town,60,38,18,74
2025-04-11,Instagram,Brazil,São Paulo,46,25,19,67
2025-04-11,X,France,Paris,144,49,31,81
2025-04-11,Google Organic,Brazil,São Paulo,47,15,9,82
2025-04-12,Google,France,Paris,136,34,9,30
2025-04-12,Facebook,USA,New York,41,37,26,53
2025-04-12,LinkedIn,India,Mumbai,122,11,24,26
2025-04-12,TikTok,UK,London,83,18,18,19
2025-04-12,Instagram,UK,London,146,49,25,43
2025-04-12,X,Canada,Toronto,127,30,11,21
2025-04-12,Google Organic,India,Mumbai,91,25,18,73
2025-04-13,Google,UK,London,86,26,5,88
2025-04-13,Facebook,South Africa,Cape Town,123,6,35,76
2025-04-13,LinkedIn,France,Paris,91,31,40,58
2025-04-13,TikTok,South Africa,Cape Town,85,48,11,94
2025-04-13,Instagram,UK,London,53,8,24,36
2025-04-13,X,Brazil,São Paulo,143,14,18,75
2025-04-13,Google Organic,USA,Los Angeles,47,14,36,89
2025-04-14,Google,Brazil,São Paulo,97,13,21,23
2025-04-14,Facebook,Brazil,São Paulo,128,8,21,25
2025-04-14,LinkedIn,UK,London,80,17,10,11
2025-04-14,TikTok,South Africa,Cape Town,93,16,25,69
2025-04-14,Instagram,France,Paris,116,28,11,36
2025-04-14,X,Canada,Toronto,55,12,29,69
2025-04-14,Google Organic,USA,New York,123,32,21,36
2025-04-15,Google,USA,New York,46,39,27,77
2025-04-15,Facebook,Brazil,São Paulo,114,28,13,85
2025-04-15,LinkedIn,Canada,Toronto,52,24,34,84
2025-04-15,TikTok,USA,Los Angeles,71,41,17,49
2025-04-15,Instagram,Australia,Sydney,75,24,9,96
2025-04-15,X,India,Mumbai,106,19,28,78
2025-04-15,Google Organic,Germany,Berlin,121,21,23,15
2025-04-16,Google,Canada,Toronto,113,25,40,37
2025-04-16,Facebook,South Africa,Cape Town,145,29,26,47
2025-04-16,LinkedIn,USA,New York,91,46,27,70
2025-04-16,TikTok,UK,London,60,32,31,62
2025-04-16,Instagram,Canada,Toronto,76,34,37,61
2025-04-16,X,India,Mumbai,44,39,14,73
2025-04-16,Google Organic,South Africa,Cape Town,120,33,9,12
2025-04-17,Google,USA,New York,132,35,10,48
2025-04-17,Facebook,USA,New York,64,41,9,41
2025-04-17,LinkedIn,UK,London,131,22,16,11
2025-04-17,TikTok,Brazil,São Paulo,77,16,10,15
2025-04-17,Instagram,Australia,Sydney,41,21,7,51
2025-04-17,X,Germany,Berlin,98,16,22,17
2025-04-17,Google Organic,USA,New York,123,47,17,41
2025-04-18,Google,USA,New York,99,6,14,16
2025-04-18,Facebook,Germany,Berlin,124,11,7,42
2025-04-18,LinkedIn,Germany,Berlin,134,28,11,39
2025-04-18,TikTok,South Africa,Cape Town,75,50,32,10
2025-04-18,Instagram,USA,New York,56,48,34,86
2025-04-18,X,India,Mumbai,102,7,21,85
2025-04-18,Google Organic,USA,Los Angeles,76,5,36,54
2025-04-19,Google,Brazil,São Paulo,100,6,10,91
2025-04-19,Facebook,South Africa,Cape Town,129,44,5,71
2025-04-19,LinkedIn,India,Mumbai,71,42,25,62
2025-04-19,TikTok,Brazil,São Paulo,104,5,38,65
2025-04-19,Instagram,Germany,Berlin,89,46,29,78
2025-04-19,X,India,Mumbai,149,48,8,50
2025-04-19,Google Organic,USA,New York,57,50,16,85
2025-04-20,Google,USA,New York,52,46,36,79
2025-04-20,Facebook,Canada,Toronto,115,26,39,16
2025-04-20,LinkedIn,Canada,Toronto,74,43,23,49
2025-04-20,TikTok,Canada,Toronto,139,5,32,21
2025-04-20,Instagram,France,Paris,142,44,25,24
2025-04-20,X,Australia,Sydney,50,47,20,14
2025-04-20,Google Organic,France,Paris,62,40,13,98
2025-04-21,Google,South Africa,Cape Town,128,22,17,63
2025-04-21,Facebook,UK,London,134,32,33,96
2025-04-21,LinkedIn,Germany,Berlin,57,23,38,77
2025-04-21,TikTok,USA,Los Angeles,82,47,9,57
2025-04-21,Instagram,Canada,Toronto,142,47,21,21
2025-04-21,X,Brazil,São Paulo,126,34,24,77
2025-04-21,Google Organic,India,Mumbai,70,30,5,56
2025-04-22,Google,Germany,Berlin,84,15,10,37
2025-04-22,Facebook,UK,London,100,8,25,39
2025-04-22,LinkedIn,Germany,Berlin,96,21,14,30
2025-04-22,TikTok,USA,Los Angeles,64,11,23,34
2025-04-22,Instagram,UK,London,137,27,19,56
2025-04-22,X,France,Paris,111,37,19,15
2025-04-22,Google Organic,Germany,Berlin,141,42,33,87
2025-04-23,Google,France,Paris,101,7,36,42
2025-04-23,Facebook,France,Paris,107,29,21,19
2025-04-23,LinkedIn,India,Mumbai,54,25,15,66
2025-04-23,TikTok,South Africa,Cape Town,139,35,38,18
2025-04-23,Instagram,USA,Los Angeles,120,16,34,59
2025-04-23,X,South Africa,Cape Town,64,43,24,73
2025-04-23,Google Organic,South Africa,Cape Town,93,23,9,66
2025-04-24,Google,South Africa,Cape Town,63,21,9,32
2025-04-24,Facebook,Australia,Sydney,98,42,7,64
2025-04-24,LinkedIn,UK,London,119,19,22,54
2025-04-24,TikTok,Brazil,São Paulo,67,47,27,29
2025-04-24,Instagram,Canada,Toronto,94,48,32,21
2025-04-24,X,Brazil,São Paulo,48,45,28,49
2025-04-24,Google Organic,USA,Los Angeles,136,18,20,28
2025-04-25,Google,UK,London,60,30,17,28
2025-04-25,Facebook,France,Paris,106,39,5,64
2025-04-25,LinkedIn,France,Paris,142,46,7,32
2025-04-25,TikTok,India,Mumbai,120,45,37,94
2025-04-25,Instagram,USA,New York,70,31,18,28
2025-04-25,X,Germany,Berlin,144,15,7,91
2025-04-25,Google Organic,France,Paris,48,49,40,16
2025-04-26,Google,Canada,Toronto,103,13,27,30
2025-04-26,Facebook,Germany,Berlin,81,22,34,48
2025-04-26,LinkedIn,France,Paris,105,39,13,30
2025-04-26,TikTok,South Africa,Cape Town,64,30,15,76
2025-04-26,Instagram,India,Mumbai,65,30,17,35
2025-04-26,X,Brazil,São Paulo,105,39,34,38
2025-04-26,Google Organic,Canada,Toronto,53,24,12,22
2025-04-27,Google,UK,London,55,7,13,55
2025-04-27,Facebook,France,Paris,145,38,13,11
2025-04-27,LinkedIn,Australia,Sydney,106,18,9,73
2025-04-27,TikTok,UK,London,76,45,10,98
2025-04-27,Instagram,Canada,Toronto,60,17,24,66
2025-04-27,X,India,Mumbai,59,50,20,54
2025-04-27,Google Organic,Brazil,São Paulo,146,16,15,66
2025-04-28,Google,India,Mumbai,72,8,7,50
2025-04-28,Facebook,Australia,Sydney,65,15,24,94
2025-04-28,LinkedIn,Germany,Berlin,115,27,11,62
2025-04-28,TikTok,Brazil,São Paulo,89,32,16,97
2025-04-28,Instagram,Germany,Berlin,102,6,38,49
2025-04-28,X,Brazil,São Paulo,54,16,37,91
2025-04-28,Google Organic,India,Mumbai,95,15,12,11
2025-04-29,Google,Australia,Sydney,71,27,12,10
2025-04-29,Facebook,USA,Los Angeles,104,11,36,55
2025-04-29,LinkedIn,Brazil,São Paulo,82,49,31,17
2025-04-29,TikTok,India,Mumbai,76,44,18,60
2025-04-29,Instagram,USA,Los Angeles,45,8,33,33
2025-04-29,X,USA,New York,148,39,37,67
2025-04-29,Google Organic,Germany,Berlin,89,12,12,36
2025-04-30,Google,France,Paris,83,28,14,89
2025-04-30,Facebook,South Africa,Cape Town,138,34,32,52
2025-04-30,LinkedIn,UK,London,107,34,15,15
2025-04-30,TikTok,South Africa,Cape Town,82,17,15,62
2025-04-30,Instagram,Australia,Sydney,74,40,29,49
2025-04-30,X,India,Mumbai,106,42,18,72
2025-04-30,Google Organic,USA,New York,41,43,22,25
2025-05-01,Google,Canada,Toronto,55,45,11,70
2025-05-01,Facebook,Brazil,São Paulo,148,49,26,34
2025-05-01,LinkedIn,Germany,Berlin,86,14,27,58
2025-05-01,TikTok,South Africa,Cape Town,123,27,27,10
2025-05-01,Instagram,South Africa,Cape Town,96,31,36,84
2025-05-01,X,Brazil,São Paulo,108,25,28,86
2025-05-01,Google Organic,USA,New York,115,34,28,29
